1	Asperger综合征
2	阿罗瞳孔
3	阿司匹林过敏
4	癌细胞逆行播散
5	癌性发热
6	癌性输尿管狭窄
7	癌症晚期胃肠道症状
8	嗳腐
9	嗳气
10	嗳气时有腐败鸡蛋的气味
11	安静腹
12	氨基酸尿症
13	鞍鼻
14	凹甲
15	凹陷瘢痕
16	凹陷性疤痕
17	β-氨基酸尿
18	八字脚步态
19	疤痕处破损后出现溃疡
20	疤痕奇痒
21	疤痕体质
22	疤痕萎缩凹陷
23	疤痕形成
24	疤痕增生
25	拔牙后出血不止
26	拔牙后伤口经久不愈
27	白带
28	白带增多
29	白痱
30	白喉假膜形成
31	白甲
32	白色恶露
33	白色黏液状尿
34	白色尿液
35	白天不自觉地将牙咬紧
36	白天嗜睡夜间失眠
37	白头粉刺
38	白细胞减少
39	白细胞尿
40	白细胞增多
41	白血病细胞浸润
42	白晕
43	白渣样鼻涕
44	百特异症状
45	柏油便
46	败血症
47	败血症的征象
48	白色念珠菌感染
50	猜疑
51	菜花耳
52	餐后发作性腹痛
53	餐后血糖高
54	餐后血糖过低
55	餐后综合征
56	残株型骨折
57	侧肋骨痛
59	侧卧时位于下侧鼻腔出现鼻塞
64	产道裂伤
66	产妇颈背酸痛
67	产后便血
69	产后垂体坏死
71	产后恶露不净有臭味
72	产后发热
73	产后肥胖
74	产后腹痛
75	产后极度虚弱
76	产后极端行为
77	产后口渴
78	产后全身酸痛
80	产后手指痛
81	产后头痛
82	产后脱发
84	斑丘疹
85	皮肤斑丘疹
86	斑秃
87	斑疹
88	板状腹
89	半侧面部发育不良
90	半年或1岁以后逐步出现智能减退
91	半乳糖血症
92	伴高血压
93	伴皮膜粘膜出血
94	伴有生动鲜明的恐怖性幻视
95	瓣膜小叶增厚
96	瓣膜增厚
97	膀胱结石
98	包皮粘连
99	宝宝缺乏安全感
100	饱食后胸痛
101	保持睡眠障碍性失眠
103	豹纹状眼底
104	暴发性痛
105	暴力冲动行为
106	暴力作用后腹痛
107	暴怒
108	暴晒后的皮肤损害
109	暴牙
110	暴饮暴食
111	暴胀的颞浅动脉
112	爆发性水泻
113	杯状耳
114	背部长痘
115	背部出现小水泡
116	背部痉挛
117	背部酸痛
118	背部有隐约麻痛不适
119	背脊痛
120	背痛
122	被害妄想
123	被迫体位
125	奔马律心音
126	贲门弛缓
127	苯丙氨酸代谢障碍
128	逼尿肌不稳定
129	逼尿肌反射亢进
130	逼尿肌无反射
131	鼻部结核
132	鼻臭症
133	鼻出血
134	鼻唇沟变浅
135	鼻唇沟发红皲裂
136	鼻唇沟加深
137	鼻窦气压伤
138	鼻窦压痛
139	鼻端出火
140	鼻端肥大
141	鼻端弥漫性潮红
142	鼻端缺损
143	鼻端形态不佳
144	鼻分泌物增多
145	鼻干
146	鼻干燥
147	鼻根部水肿
148	鼻和喉部灼热感
149	鼻甲萎缩
150	鼻甲肿胀
151	鼻尖或鼻翼出现带状疱疹
152	鼻尖上翘呈马鞍状
153	鼻孔闭锁
154	鼻孔朝天或鼻孔前倾
155	鼻孔干疼
156	鼻孔流脓
158	鼻泪管阻塞
159	鼻梁低
160	鼻梁平塌
161	鼻裂
163	鼻毛脱落
164	鼻内似有擤不出的鼻涕
165	鼻内痛
166	鼻黏膜和鼻甲萎缩
167	鼻黏膜可呈颗粒状易碎的结痂
168	鼻黏膜溃疡
169	鼻脓涕有臭味
170	鼻衂
171	鼻衄
172	鼻旁窦发育不良
173	鼻前庭部发痒
174	鼻前庭囊肿
175	鼻前庭皮肤红肿疼痛
176	鼻腔不能关闭引起的鼻音
177	鼻腔干燥及结痂
178	鼻腔前部出血
179	鼻腔中后部出血
180	鼻塞
181	鼻塞及反射性头痛
182	鼻塞排出脓性或血性分泌物
183	鼻煽
184	鼻屎多
185	鼻外部膨胀隆起
187	鼻咽癌的远处转移
188	鼻咽腔狭窄
189	鼻咽异物
190	鼻痒
191	鼻溢液
192	鼻翼边缘缺损
193	鼻翼厚
194	鼻翼两侧脱皮
195	鼻翼扇动
196	鼻翼上方缺损
197	鼻粘膜苍白水肿
198	鼻粘膜干燥发痒
199	鼻粘膜溃疡
200	鼻粘膜溃疡和萎缩
201	鼻粘膜肿胀
202	鼻中隔穿孔
203	鼻中隔或鼻腔内软骨暴露
204	鼻中隔向一侧或两则弯曲
206	鼻子发黑
207	鼻子红血丝
208	鼻子黄色或棕色
209	鼻子颜色苍白
210	吡咯烷及呱啶尿
211	闭经
212	闭经-乳溢-不育三联征
214	闭目难立征
215	闭眼站立不能
216	闭症
217	蓖麻子便中常见蓖麻子外皮碎屑
218	臂丛神经受累
220	边缘溃疡性角膜炎
221	扁脸
222	扁平骨盆
223	扁平苔癣
224	扁平型骨盆
225	扁平足
226	扁桃体变小而坚韧
227	扁桃体充血
228	扁桃体充血肥大
229	扁桃体肥大
230	扁桃体上有灰色膜
231	扁桃体小或缺如
232	便秘
233	便秘伴腹部包块
234	便秘伴剧烈腹痛
235	便稀时经阴道排出
236	便鲜红血呈点滴状或喷射状
237	扳机指的弹响
238	抱癖
239	被动体位
240	被窃或疑病妄想
241	鼻孔外露
242	鼻毛变白
243	鼻小柱缺损
244	鼻子长痘
245	闭孔神经损害
246	臂痛
247	便血
248	便血且血与粪便混合
249	变应性鼻炎
250	变应性咳嗽
251	表皮发生钙化
252	表皮角化
253	表皮全层坏死及表皮下大疱
254	表情迟钝
255	表情淡漠
256	表演型人格障碍
257	髌骨骨裂
258	髌骨劳损
259	髌骨缺失或发育不良
260	髌骨软化
261	髌骨疼痛
262	髌后捻发音
263	髌后疼痛
264	髌前空虚感
265	髌下疼痛
266	髌周指压痛
267	并指（趾）畸形
268	病毒性腹泻
269	病理性Q波
270	病理性REM睡眠
271	病理性赌博
272	病理性发笑和哭喊
273	病理性钙化
274	病理性黄疸
275	病理性近视
276	病理性神经损伤
277	病理性听觉适应
278	病理性偷窃
279	病理性脱发
280	病理性赘述
281	病理性纵火
282	病理性醉酒
283	病态欣快感
284	波动性听力减退
285	玻璃体经瞳孔向前房凸出
286	玻璃体内可见球形囊体
287	玻璃体有血迹
288	剥夺性弱视
289	剥脱性皮炎
290	脖子扭痛
291	搏动性耳鸣
292	搏动性头痛
293	捕蝇舌征
294	不典型胸痛
295	不典型增生
296	不断眨眼
297	不规则热
298	不可克制的饮酒冲动
299	不良建筑综合征
300	不良睡眠卫生
301	不明原因发热
302	不能持续睁眼
303	不能露齿及突唇
304	不能屈膝
305	不能伸展拇指
306	不能向尺侧屈腕及屈环小指远侧指关节
307	不能眨眼
308	不能转颈
309	不宁腿综合征
310	不排卵
311	不排胎便
312	不偏向一侧，无旋转的眩晕
313	不全流产
314	不完全性房内阻滞
315	不稳定性心绞痛
316	不协调性兴奋
317	不真实感
318	不自主运动
319	步态不稳
320	步态异常
321	部位不定的疼痛
322	黑色鼻涕
323	脾气变坏
324	偏侧不注意
325	二氧化碳潴留
326	侧脑室增宽
327	侧支循环发育不充
328	层状鱼鳞癣
329	岔气
330	产道扁平型狭窄
331	产道血肿
332	产后便秘
333	产后出血
334	产后大便失禁
335	产后乳房萎缩
336	产后无乳汁分泌
337	产后下腹坠痛或阴道坠胀感
338	产后小便频数或小便失禁
339	产后小腹坠痛
340	产后胸部下垂
341	产后血气痛
342	产后血晕
343	产后抑郁
344	产后月经不再来潮
345	产后子宫收缩
346	产后自汗盗汗
347	产力异常
348	产褥感染
349	产褥期恶露
350	产褥期幻觉妄想状态
351	产褥期躁狂状态
352	产褥期谵妄状态
353	产育过多后腰痛
354	颤抖
355	长段升主动脉发育不全
356	长骨粗大
357	长骨骨骺端钙化不全
358	长骨肿胀疼痛
359	长脉
360	慢性盆腔疼痛
361	长期使用皮质类固醇导致肌肉病变
362	长期使用糖皮质激素导致的损害
363	长时间或剧烈运动后前足疼痛
364	长头畸形
365	长头巨脑
366	肠闭锁
367	肠壁坏死
368	肠壁水肿增厚
369	盲肠阿米巴肉芽肿
370	肠出血
371	肠穿孔
372	肠道功能紊乱
373	肠道蛔虫感染
374	肠道吸收水分增加
375	肠道血管畸形
376	肠道张力减低
377	肠道转运障碍
378	肠梗死
379	肠管变形
380	肠管出血
381	肠痉挛
382	肠麻痹
383	肠麻痹软瘫
384	肠鸣
385	肠鸣音消失
386	肠囊性积气
387	肠绒毛萎缩
388	肠蠕动减慢
389	肠蠕动减少
390	肠套叠
391	肠外结核
392	肠系膜囊肿
393	肠狭窄
394	肠易激综合征
395	肠壅积
396	肠粘连
397	肠粘膜脱落
398	肠粘膜有坏死溃疡
399	肠胀气
400	常染色体畸变
401	场所恐惧
402	超雌
403	超量饮酒后两下肢突然出现痉挛和疼痛
404	超雄
405	潮汗
406	潮红潮热
407	潮式呼吸
408	晨僵
409	晨起肥皮肿
410	晨起前额疼，午后减轻
411	晨起时颈背部弥漫性剧痛
412	成年后的容貌仍似儿童
413	成人多动症
414	成人生长激素分泌不足
415	成瘾
416	呈红色条索，游走的浅静脉
417	呈开口状态而不能闭合
418	呈马蜂螫型游走性水肿
419	呈泡沫样有腥臭味稀便
420	呈肾上腺素能依赖性
421	痴呆
422	痴呆面容
423	痴笑
424	弛张热
425	迟脉
426	持物不稳
427	持续的肌肉收缩
428	持续低烧
429	持续发烧
430	持续高烧
431	持续颅内杂音
432	持续性肠绞痛
433	持续性弛张热
434	持续性发热
435	持续性剧烈的肩痛
436	持续性咳嗽
437	持续性尿蛋白
438	持续性疼痛
439	持续性头晕
440	持续性下腹疼痛
441	持续性胸部疼痛或模糊的背部疼痛
442	持续性腰痛伴有晨僵
443	尺动脉或桡动脉搏动减弱和消失
444	齿轮样强直
445	齿龈出血
446	齿龈肥厚
447	齿龈铅线
448	齿龈炎
449	齿龈有蓝线
450	齿龈增生
451	齿龈肿胀
452	耻骨联合分离
453	耻骨上痛
454	耻骨直肠肌痉挛性肥大
455	耻区肿块
456	充血
457	冲动毁物
458	冲动型人格障碍
459	抽搐
460	抽动障碍
461	抽风
462	抽筋
463	臭汗
464	出汗减少
465	出汗异常
466	出冷汗
467	出生后“四凹征”
468	出生后即有持续青紫
469	出生时小头
470	出现毒性颗粒
471	出现喉结
472	出血利坏死
473	出血倾向
474	出血性梗死
475	出血性丘疹
476	初生婴儿即出现侏儒状态
477	处女膜无孔
478	触觉失调
479	触诊无肺动脉关闭感
480	川字纹
481	穿透性皮肤变性
482	穿凿样改变颅骨破坏
483	传导性耳聋
484	传导性耳鸣
485	传导性腹痛
486	传导阻滞
487	喘息
488	串珠肋
489	创伤
490	创伤性宫腔粘连
491	垂体功能减退
492	垂体功能紊乱
493	垂体切除术后昏迷
494	垂体危象
495	垂体性闭经
496	垂腕
497	垂直性忽略症
498	唇部发绀
499	唇腭裂
500	唇干裂
501	唇干舌燥
502	唇红干燥
503	唇厚舌大
504	唇角脱屑
505	唇上长有小水泡
506	唇水疱
507	唇外翻
508	唇圆或椭圆形红斑
509	唇周边长痘
510	唇皱褶增多畸形
511	雌激素不足
512	腠理不固
513	促甲状腺激素释放激素缺乏
514	促脉
515	猝倒
516	猝死
517	脆性X综合征
518	搓手顿足
519	痤疮样皮疹
520	重听
521	“淡漠型”甲亢
522	“冻僵”现象
523	“多音律”心音
524	肠淤滞
525	搭肩试验阳性
526	打嗝
527	打哈欠
528	打鼾
529	打呼噜
530	打喷嚏
531	打软腿
532	大便变细形似铅笔
533	大便呈褐色
534	大便干结呈算盘珠状
535	大便色浅
536	大便习惯改变
537	大便粘腻
538	大肠黑变
539	大动脉错位
540	大动脉供血障碍
541	大角膜
542	大块肝细胞坏死
543	大量皮肤脱屑
544	大量饮酒后突然视力减退
545	大脑发育障碍
547	大疱（含脓性液体）
548	大三阳
549	大腿刺痛
550	大腿肌肉萎缩
551	大腿局部肿胀变形
552	大腿内侧红斑
553	大腿外侧痛
554	大腿以下或膝以下肌肉瘫痪
555	大小便失禁
556	大小便潴留
557	大写症
558	大阴唇或肛门大小不等、质软无压痛包块
559	大转子叩痛
560	呆滞
561	代偿性腰椎前凸
562	代偿作用
563	代脉
564	代谢性低钾
565	代谢性碱中毒
566	代谢性酸中毒
567	带血性分泌物
568	带血粘脓鼻涕
569	带状疱疹样外观
570	丹毒
571	丹毒样外观
572	单侧鼻腔阻塞
573	单侧及假性手足徐动
574	单侧面部萎缩
575	单侧头痛
576	单侧眼底出现肉芽肿性改变
577	单纯骨折
578	单纯性上半身消瘦型
579	单纯性晕厥
580	单纯醉酒
581	单次发作抑郁症
582	单发性坚实性结节
583	单角或双角子宫
584	单瘫
585	单腿半蹲痛
586	单项ALT升高
587	单眼失明
588	单眼突然出现一过性黑蒙
589	单眼眼前黑影
590	胆道闭锁
591	胆道梗阻
592	胆道蛔虫症
593	胆道运动功能障碍
594	胆管断裂
595	胆管梗阻
596	胆红素钙结石
597	胆红素升高
598	胆碱能危象
599	胆绞痛
600	胆结石
601	胆囊壁变薄
602	胆囊壁纤维化
603	胆囊触痛征
604	胆囊的超敏反应
605	胆囊积脓
606	胆囊积水
607	胆囊结石
608	胆囊收缩功能不良
609	胆囊体积缩小
610	胆囊运动障碍
611	胆囊增大
612	胆心综合征
613	胆汁返流
614	胆汁排泄受阻
615	胆汁性肝硬化
616	胆汁淤滞
617	胆汁潴留
618	胆总管结石
619	蛋氨酸吸收不良综合征
620	蛋白尿
621	氮负平衡
622	氮质血症
623	导水管周围受损
624	倒地笑
625	倒睫
626	盗汗
627	等渗尿
628	低补体血症
629	低蛋白血症
630	低分子蛋白尿
631	低钙血症
632	低枸橼酸尿
633	低钾血症
634	低磷血症
635	低颅压综合征
636	低氯性碱中毒
637	低镁血症
638	低钠血症
639	低热
640	低热消疲
641	低射血分数
642	低位小肠梗阻
643	低位腰痛
644	低温性昏迷
645	低血钾
646	低血磷
647	低血容量休克
648	低血糖惊厥
649	低血糖性低温症
650	低血糖性昏迷
651	低血糖症
652	低血压
653	低氧血症
654	滴状角膜
655	骶部可有皮赘，形成尾巴
656	骶骨处持续性疼痛
657	骶骨发育不良
658	骶骨裂
659	骶骨囊肿
660	骶髂部剧烈疼痛
661	骶髂关节疼痛
662	骶尾部窦道形成
663	骶尾部急性脓肿
664	骶尾椎融合
665	骶椎腰化
666	地图样骨缺损
667	第1跖趾关节疼痛和肿大
668	第２肋软骨痛
669	第3腰椎横突的深部有明显压痛
670	第5指短小弯曲
671	第二性征改变
672	第三心音奔马律
673	第一心音亢进
674	癫痫伴发的神经症
675	癫痫发作
676	癫痫的复杂部分性发作
677	癫痫的全身强直-阵挛发作
678	癫痫的失神发作
679	癫痫的植物神经性发作
680	癫痫和癫痫样发作
681	癫痫性人格改变
682	癫痫性头痛
683	点头征
684	点状出血
685	点状痤疮
686	碘甲亢
687	电击样剧痛
688	电击样痛或刺痛的头痛
689	电机械分离现象
690	电生理异常
691	淀粉样变性
692	淀粉样蛋白沉积
693	跌倒发作
694	蝶鞍变形
695	蝶鞍空泡
696	蝶形骨折
697	定位神经体征
698	定位体征
699	定向力障碍
700	冬春季的慢性咳嗽咳痰和喘息
701	冬季皮肤瘙痒
702	冬天脚冷
703	动静脉短路现象
704	动脉呈多处伸长扭曲状
705	动脉出血
706	动脉导管未闭
707	动脉盗血
708	动脉血氧饱和度降低
709	动脉造影异常
710	动脉粥样硬化
711	动眼神经麻痹
712	动眼危象
713	动作样壁
714	冻疮
715	冻结肩
716	豆纹动脉闭塞
717	痘疤
718	痘疮
719	窦道相
720	窦房传导阻滞
721	窦房结病变
722	窦性停搏
723	毒品依赖
724	毒物致肝损害
725	毒性表现
726	毒血症
727	毒蕈碱样症状
728	读小字和辨色困难
729	肚脐疼
730	肚脐痒
731	端坐呼吸
732	短颈
733	短缩舌
734	短头畸形
735	短暂性眩晕
736	断毛癖
737	断续的肌收缩
738	对铋盐过敏
739	对侧肢体偏瘫
740	对称性肌无力
741	对多脂饮食不能耐受
742	对光反射迟钝
743	对光反应消失
744	对红绿颜色分辨不清
745	对女性物品的非正常爱好
746	对生活丧失兴趣
747	对声音敏感
748	对听、视、触觉等刺激反应过度
749	蹲下起来后眼前发黑
750	钝痛
751	多发性结节
752	多发性神经炎
753	多发性针尖样瘀点
754	多根肋骨骨折
755	多汗且臭味较浓
756	多汗症
757	多克隆型冷球蛋白血症
758	多梦
759	多囊卵巢
760	多尿
761	多形红斑样皮疹
762	多血质
763	多疑
764	多饮
765	多指（趾）畸形
766	额横纹增深
767	肝掌
768	“E”字征
769	21-羟化酶缺陷症
770	额部白斑
771	额部疼痛
772	额部肿块
773	额区感觉减退
774	额头长痘
775	额头皱纹突然增加
776	额叶癫痫岛盖发作
777	额叶癫痫的“击剑姿势”
778	额叶癫痫的扣带回发作
779	额叶癫痫的眶额区发作
780	额叶癫痫的前额极区发作
781	额叶癫痫的运动皮质发作
782	呃逆
783	恶病性痤疮
784	恶病质
785	恶病质面容
786	恶臭便
787	恶寒
788	恶露
789	恶食凉物
790	恶食酸物
791	恶息、多泡味的白色粪便
792	恶心
793	恶心与呕吐
794	恶性贫血
795	恶性胸水
796	腭部穿孔
797	腭部可见小出血点
798	腭部有黑色焦痂
799	腭舌咽呼吸肌呈对称性弛缓性轻瘫
800	腭异常
801	噩梦
802	儿茶酚胺分泌过量
803	儿童不敢平卧睡觉
804	儿童抽动症
805	儿童大便失禁
806	儿童反复骨折
807	儿童骨缺损
808	儿童精神运动发育异常
809	儿童恐怖障碍
810	儿童恐怖症
811	儿童髋部疼痛
812	儿童离别焦虑
813	儿童联想和情感障碍
814	儿童尿床
815	儿童偏食
816	儿童偏头痛
817	儿童期过度生长
818	儿童期消化性溃疡
819	儿童头痛
820	儿童退缩行为
821	儿童行动迟缓
822	儿童行为孤僻
823	儿童型肌张力障碍
824	儿童性别偏差
825	耳、鼻、软骨变成蓝色
826	耳垂长痘
827	耳垂过大
828	耳垂里有硬疙瘩
829	耳垂缺损
830	耳垂小
831	耳垂粘连
832	耳道堵塞
833	耳道划伤
834	耳道流脓
835	耳道流血
836	耳道异物
837	耳顶线以下至发际处痛觉过敏或减退
838	耳冻伤
839	耳堵
840	耳朵位置低
841	耳根部疼痛
842	耳骨外翻
843	耳鼓膜穿孔
844	耳鼓膜破裂
845	耳郭突出
846	耳后红斑
847	耳后淋巴结肿大
848	耳后乳突水肿
849	耳后疼痛
850	耳壳的干性坏死
851	耳孔处长出的肿物
852	耳孔处肿物
853	耳廓变大
854	耳廓擦伤
855	耳廓耳道撕裂伤
856	耳廓放射性痛
857	耳廓腹侧面局限性囊肿
858	耳廓红肿
859	耳廓痛
860	耳廓癣
861	耳流脓
862	耳聋
863	耳漏
864	耳轮发育不全
865	耳闷
866	耳鸣
867	耳内闭塞感
868	耳内发胀
869	耳内流脓
870	耳内疼痛
871	耳前淋巴结肿大
872	耳前庭功能受损
873	耳前庭听觉失衡
874	耳屎多
875	耳痛
876	耳围凹陷
877	耳蜗性耳聋
878	耳下区的韧实肿块
879	耳痒
880	耳溢液
881	耳硬化症
882	耳源性破伤风
883	耳源性眩晕
884	二尖瓣脱垂
885	二碱基氨基酸尿症
886	二羧基氨基酸尿
887	发绀
888	发烧
889	发热伴出血
890	发热伴关节肿痛
891	发热伴寒战
892	发热伴咳嗽、咯痰、胸痛
893	发热伴淋巴结肿大、并伴触痛
894	发热伴尿频、尿急、尿痛、腰疼
895	发热伴眼睛充血
896	发热伴有腹痛、腹泻、恶心、呕吐
897	发热伴有皮疹
898	发炎
899	发音改变
900	发音障碍
901	发育性骨盆异常
902	发育性畸形
903	发作后精神障碍
904	发作时精神障碍
905	发作性不自主运动
906	发作性咳嗽
907	发作性傻笑
908	发作性嗜睡和食欲亢进
909	发作性睡眠
910	发作性眩晕
911	乏力
912	帆状胎盘
913	翻身困难
914	烦热
915	烦躁不安
916	反拗危象
917	反复鼻出血
918	反复不愈的感染
919	反复抽搐
920	反复出血
921	反复发烧
922	反复发作的带状疱疹
923	反复发作性头痛
924	反复发作抑郁症
925	反复发作右肺感染
926	反复肺不张
927	反复肺炎
928	反复感冒
929	反复感染
930	反复高热
931	反复呕血
932	反复上呼吸道感染
933	反复生殖器溃疡
934	反复舔吮口唇
935	反射弧中断
936	反射性呕吐
937	反射性腰痛
938	反胃
939	反向搏动
940	反应迟钝
941	反应性细胞改变
942	泛恶欲吐
943	泛发性红色斑块
944	饭后口淡
945	饭后困倦
946	饭后心悸
947	饭后心跳加快
948	方肩畸形
949	房间隔缺损
950	房内传导阻滞
951	房室传导阻滞
952	房室分离
953	房室管畸形
954	房性逸搏心律加速
955	房性早搏
956	放屁过臭
957	放屁频频
958	放射后的臂丛神经和腰骶丛损伤
959	放射性疼痛
960	非凹陷黏液水肿
961	非玻璃体的病变眼前飞蚊
962	非对称性关节痛
963	非对称性紧张性颈反射
964	非感染性发热
965	非怀孕的下腹增大
966	非血性腹水
967	非依赖性物质所致的精神障碍
968	肥达反应阳性
969	肥大结节纤维组织增生
970	肥厚瘢痕
971	肥胖并痛性结节或脂肪块
972	肥胖前期
973	肥胖纹
974	肥胖性低通气
975	肥胖性水肿
976	废用性弱视
977	肺癌胸水
978	肺不张
979	肺部出血
980	肺部感染
981	肺部化脓性感染
982	肺部或支气管周围可呈现纹理增粗及浸润现象
983	肺部可闻及干湿啰音及哮鸣音
984	肺部啰音
985	肺部肿块
986	肺部转移
987	肺动静脉瘘
988	肺动脉瓣区可听到喷射音
989	肺动脉瓣狭窄杂音
990	肺动脉闭锁
991	肺动脉狭窄
992	肺动脉楔压（PCWP）降低
993	肺动脉杂音
994	肺过度充气
995	肺含水量增加
996	肺火
997	肺积水
998	肺间质纤维化
999	肺门阴影增多
1000	肺门增宽
1001	肺弥散功能障碍
1002	肺内病变
1003	肺内空洞
1004	肺内圆形实质性或囊性肿块
1005	肺泡出血
1006	肺泡灌洗液可见大量无定形的碎片
1007	肺泡炎症
1008	肺气压伤
1009	肺弃血
1010	肺容量减小
1011	肺实变
1012	肺受累
1013	肺栓塞
1014	肺通气一血流比例失调
1015	肺外症状
1016	肺纹理减少
1017	肺纹理增粗
1018	肺纹理增多
1019	肺下叶周围呈节段性或大叶性模糊阴影
1020	肺纤维化
1021	肺性肥大
1022	肺血流量很多
1023	肺血流量很少
1024	肺血增多
1025	肺阴虚
1026	肺淤血
1027	肺源性呼吸困难
1028	肺源性心脏衰竭
1029	痱疹样皮疹
1030	分离性恍惚状态和附体状态
1031	分离性漫游症
1032	分离性身份障碍
1033	分离性遗忘
1034	分裂型人格障碍
1035	分泌性腹泻
1036	分娩后甲状腺肿大
1037	粉红色泡沫痰
1038	粉红色泡沫样痰
1039	粉碎性骨折
1040	粪便带绿色
1041	粪便黑色并带有血液
1042	粪便量多
1043	粪便量少
1044	粪便脓血
1045	粪便排出过程异常
1046	粪便嵌塞
1047	粪便硬结如羊粪状
1048	粪便中查见虫卵或妊娠节片
1049	粪便中发现白色节片
1050	粪便中见到褐红色果实皮或毛发
1051	粪便中排出的粪胆原增加
1052	粪内或直肠乙状结肠黏膜活检找到血吸虫卵
1053	粪样呕吐物
1054	粪柱变形变细
1055	风寒湿痹
1056	风丘疹
1057	风盛血燥
1058	风湿性多发性肌痛症
1059	风湿性血管炎
1060	风团
1061	蜂窝肺
1062	蜂窝组织炎
1063	肤色赤红
1064	伏脉
1065	浮脉
1066	匐行疹
1067	附睾结石
1068	附睾囊肿
1069	附睾肿大发硬
1070	复聪现象
1071	复合性溃疡
1072	复视
1073	复听
1074	复杂性尿路感染
1075	复杂性醉酒
1076	副耳
1077	腹壁不自主轴动
1078	腹壁反射减弱或消失
1079	腹壁广泛性钙质沉着
1080	腹壁红斑
1081	腹壁静脉怒张
1082	腹壁切口处有肿物突出
1083	腹壁外侧包块 ，有固定压痛
1084	腹部“气串样”肿块
1085	腹部“柔韧感”体征
1086	腹部凹陷呈舟状
1087	腹部不适
1088	腹部可触及巨大柔软肿物
1089	腹部皮肤出现白纹、粉红色或紫纹
1090	腹部皮肤梅干样皱纹
1091	腹部伤口流出粪便样物
1092	腹部型肥胖
1093	腹部血管杂音
1094	腹部压痛
1095	腹部有局部或广泛触痛、反跳痛
1096	腹部中线处肿块
1097	腹部肿块
1098	腹部逐渐胀大
1099	腹股沟处或闭孔处肿胀
1100	腹股沟淋巴结肿大
1101	腹股沟区可复性肿块
1102	腹股沟疼痛
1103	腹股沟痒
1104	腹肌肌肉抽搐
1105	腹肌紧张
1106	腹肌强直
1107	腹肌严重发育不良
1108	腹满
1109	腹鸣
1110	腹膜刺激征
1111	腹膜后纤维化
1112	腹膜炎
1113	腹内压升高
1114	腹腔出血
1115	腹腔感染
1116	腹腔积血
1117	腹腔积液
1118	腹腔种植
1119	腹式反常呼吸
1120	腹水
1121	腹痛
1122	腹痛，发热及黄疸
1123	腹痛伴便血
1124	腹痛伴恶心、呕吐
1125	腹痛伴腹泻
1126	腹痛伴黄疸
1127	腹痛伴休克
1128	腹痛伴血尿
1129	腹围增大
1130	腹泻
1131	腹泻为水样带黏液恶臭无脓血
1132	腹泻与便秘交替
1133	腹胀
1134	腹直肌触及边界不清的固定包块
1135	胁部肿胀
1136	钙沉积
1137	钙化
1138	钙化影
1139	钙化灶
1140	钙离子内流
1141	干咳
1142	干啰音
1143	干胁痛
1144	干性坏疽
1145	干性脚气
1146	干性咳嗽
1147	干性皮肤
1148	干性脂溢
1149	干燥斑
1150	肝被膜紧张
1151	肝被膜血肿破裂
1152	肝病面容
1153	肝病容
1154	肝部疼痛
1155	肝臭
1156	肝大而硬
1157	肝淀粉样变性
1158	肝豆状核变性
1159	肝窦扩张
1160	肝腹水
1161	肝功检查胆红素及转氨酶常增高
1162	肝功能不全
1163	肝功能受损
1164	肝功能衰竭
1165	肝功能异常
1166	肝昏迷
1167	肝火
1168	肝积水
1169	肝-颈静脉回流征阳性
1170	肝静脉病变
1171	肝静脉回流障碍
1172	肝内HDAg仅一过性阳性
1173	肝内胆管结石
1174	肝内钙化
1175	肝内管梗阻
1176	肝内形成嗜酸性肉芽肿
1177	肝内淤胆
1178	肝脾肿大
1179	肝气不足
1180	肝气犯肺
1181	肝气犯脾
1182	肝气犯胃
1183	肝气郁节
1184	肝气郁结
1185	肝区摩擦音
1186	肝区血管杂音
1187	肝肾综合征
1188	肝衰竭
1189	肝缩小
1190	肝糖异生增加
1191	肝外胆管结石
1192	肝细胞坏死
1193	肝细胞内脂肪堆积过多
1194	肝细胞索支架塌陷
1195	肝细胞脂肪性变
1196	肝下垂
1197	肝纤维化
1198	肝星状细胞增生
1199	肝叶萎缩
1200	肝阴虚
1201	肝淤血
1202	肝郁气滞
1203	肝源性水肿
1204	肝脏病变弥漫
1205	肝脏轻度脂肪变性
1206	肝脏肿大
1207	肝脂肪变
1208	肝质地硬
1209	肝肿大
1210	肝转移
1211	肝浊音界缩小或消失
1212	感觉倒错
1213	感觉分离
1214	感觉过度
1215	感觉过敏
1216	感觉性共济失调
1217	感觉性共济失调步态
1218	感觉障碍
1219	感染性鼻炎
1220	感染性发热
1221	感染性赘生物
1222	感染诱发昏迷
1223	肛管反射消失
1224	肛管括约肌横断
1225	肛管息肉
1226	肛管狭窄
1227	肛裂
1228	肛裂溃疡
1229	肛裂三联征
1230	肛门病变
1231	肛门短时间阵发性钝痛
1232	肛门反射减弱或消失
1233	肛门会阴区潮湿不洁
1234	肛门或肛管窄小
1235	肛门畸形
1236	肛门剧痛
1237	肛门括约肌松弛
1238	肛门湿疹瘙痒
1239	肛门松弛
1240	肛门疼痛
1241	肛门外翻
1242	肛门外括约肌断裂
1243	肛门夜间奇痒
1244	肛门有黑色肿块脱出
1245	肛门直肠畸形
1246	肛门坠胀
1247	肛内分泌物多
1248	肛内轻微隐痛坠胀或不适感
1249	肛旁脓肿
1250	肛区为皮肤覆盖
1251	肛乳头肥大
1252	肛腺分泌减少
1253	肛周囊肿
1254	肛周皮肤潮红
1255	肛周皮肤有湿疹
1256	肛周软瘊
1257	高氨血症
1258	高草酸尿
1259	高促胃泌素血症
1260	高代谢征群
1261	高度膨胀的毛细血管襻
1262	高腭弓
1263	高钙血症
1264	高睾酮血症
1265	高钾血症
1266	高颅压综合征
1267	高镁血症
1268	高钠血症
1269	高尿酸血症
1270	高凝状态
1271	高热
1272	高热不退
1273	高热寒战
1274	高渗尿
1275	高渗性昏迷
1276	高耸而对称的T波
1277	高碳酸血症
1278	高通气
1279	高同型半胱氨酸血症
1280	高位截瘫
1281	高温性水肿
1282	高雄激素血症
1283	高血氮
1284	高血钾
1285	高血压
1286	高血脂性血管损害
1287	高眼压
1288	高原多血面容
1289	高粘滞综合征
1290	睾丸触痛
1291	睾丸发育不全
1292	睾丸受浸润
1293	睾丸疼痛
1294	睾丸微小
1295	睾丸萎缩
1296	睾丸增大和变硬
1297	睾丸胀痛
1298	革兰阴性杆菌感染
1299	革脉
1300	格子样变性
1301	隔膜孔道狭小
1302	膈肌缺损
1303	膈麻痹
1304	膈膨升
1305	膈穹窿变为扁平
1306	膈下感染
1307	更年期肥胖
1308	更年期功血
1309	更年期抑郁
1310	梗噎
1311	工作倦怠
1312	弓形体感染
1313	弓形足
1314	弓状指
1315	公鸡步态
1316	功能性头痛
1317	功能性震颤
1318	攻击行为
1319	宫底及耻骨联合上方空虚
1320	宫颈闭锁
1321	宫颈肥大
1322	宫颈举痛
1323	宫颈糜烂
1324	宫颈囊肿
1325	宫颈黏液脓性分泌物
1326	宫颈前唇水肿
1327	宫颈软
1328	宫颈水肿
1329	宫颈粘连
1330	宫颈粘液少
1331	宫腔分离
1332	宫腔积脓
1333	宫腔积血
1334	宫腔粘连
1335	宫缩乏力
1336	巩膜充血
1337	巩膜出血
1338	巩膜穿孔
1339	巩膜黄染
1340	巩膜水肿
1341	巩膜外层炎
1342	巩膜小泡
1343	汞毒性震颤
1344	共济失调
1345	沟裂增宽
1346	钩骨附近的压痛
1347	钩回发作
1348	钩蚴性皮炎
1349	构音不良-手笨拙综合征
1350	构音不清
1351	构音障碍
1352	孤独症
1353	孤立肾
1354	股部内侧靠近阴囊处的皮疹
1355	股动脉枪击音
1356	股二头肌损伤
1357	股沟及大腿内侧皮肤有色素沉积
1358	股骨近侧端变宽
1359	股前内侧及小腿内侧感觉丧失
1360	股前外侧麻木、蚁行感
1361	股三角区压痛
1362	股神经损害
1363	股四头肌损伤
1364	骨斑点
1365	骨痹
1366	骨产道异常
1367	骨刺形成
1368	骨脆
1369	骨代谢减低
1370	骨端增大
1371	骨缝分开
1372	骨骼变形缩短
1373	骨骼表面向外突出
1374	骨骼停止发育
1375	骨骼肿块
1376	骨核出现迟，发育小
1377	骨骺提前闭合
1378	骨及软组织肥大
1379	骨间肌和鱼际肌萎缩
1380	骨裂
1381	骨龄延迟
1382	骨密度增加
1383	骨膜反应
1384	骨膜炎
1385	骨内损害
1386	骨囊肿
1387	骨盆损伤
1388	骨盆痛
1389	骨皮质变薄
1390	骨气臌
1391	骨溶解
1392	骨软化
1393	骨软化症骨盆
1394	骨髓的发育异常
1395	骨髓浆细胞增多
1396	骨髓巨核细胞成熟障碍
1397	骨髓损害
1398	骨髓象改变
1399	骨髓象左移现象
1400	骨髓抑制
1401	骨髓造血细胞再生障碍
1402	骨痛
1403	骨外团块
1404	骨无菌性坏死
1405	骨痒
1406	骨硬化
1407	骨增粗
1408	骨质磨损有骨赘增生
1409	骨质破坏
1410	骨质疏松
1411	骨转移
1412	骨赘大量增生
1413	鼓肠
1414	鼓膜瘢痕化
1415	鼓膜充血
1416	鼓膜发红，耳后红肿
1417	鼓腮和吹口哨漏气
1418	固定于一侧眼及眼眶周围的晚间头痛
1419	怪笑
1420	怪异步态
1421	关节积液
1422	关节畸形
1423	关节间隙不规则和关节腔狭窄
1424	关节僵直
1425	关节局部刺痛
1426	关节挛缩
1427	关节面不规则硬化
1428	关节囊松弛
1429	关节囊损伤
1430	关节扭伤
1431	关节腔内出血
1432	关节强硬
1433	关节强直
1434	关节松弛
1435	关节酸痛
1436	关节疼痛
1437	关节纤维变性
1438	关节响痛
1439	关节液渗出
1440	关节液增加
1441	关节液中白细胞内有尿酸结晶
1442	关节游走性疼痛，肿胀
1443	关节肿大
1444	关节肿痛
1445	关节肿胀
1446	冠状动脉供血不足
1447	冠状动脉痉挛
1448	冠状动脉窃血现象
1449	冠状动脉栓塞
1450	管型尿
1451	管型蛋白尿
1452	管性呼吸音
1453	灌肠癖
1454	光反射消失
1455	光感性皮肤损害
1456	光过敏
1457	胱氨酸储积症
1458	广泛红斑浸润损害伴有脱屑
1459	广泛性骨质疏松
1460	广泛性与不定位性腹痛
1461	龟头瘙痒
1462	腘动脉搏动减弱或消失
1463	过度换气引起晕厥
1464	过度换气综合征
1465	过度通气
1466	过渡区R波递增不良
1467	过分地惊跳反应
1468	过劳
1469	过敏性皮炎
1470	过强反向性鼻炎
1471	过早丧失咀嚼功能
1472	过早衰老
1473	颌骨错位
1474	红细胞增多-高粘滞度
1475	括约肌功能障碍
1476	软骨发育不良与骨骼畸形
1477	“红光满面”
1478	“蝴蝶状”阴影
1479	HBV与HCV重叠感染
1480	HIV感染
1481	Howship-Romberg征
1482	白色视野缺损
1483	海藻糖酶缺乏
1484	含铁血黄素沉着症
1485	寒冷刺激下皮损表面出现皱缩
1486	寒性体质
1487	寒战
1488	汗闭现象
1489	汗出如油
1490	汗毛过多
1491	汗腺分泌体味
1492	毫无情感反应
1493	喝酒后胃疼
1494	核分裂象增多
1495	核黄疸
1496	核上性垂直性眼肌瘫痪
1497	核心抗体（抗HBc）阳性
1498	颌骨呈“扇形”骨质破坏
1499	颌骨发育过度
1500	颌骨关节痛
1501	颌骨内似牙的硬组织
1502	颌骨囊肿
1503	颌骨膨隆
1504	颌突畸形
1505	颌下淋巴结肿大压痛
1506	颌下腺导管口有咸味或脓性分泌物排出
1507	颌下腺疼痛、压痛
1508	颌下腺肿大
1509	颌小
1510	褐色尿
1511	黑斑
1512	黑便
1513	黑蒙
1514	黑尿
1515	黑色素结石
1516	黑头粉刺
1517	黑痣
1518	横膈低平
1519	横结肠息肉
1520	横结肠下垂
1521	横结肠移位
1522	横纹肌溶解
1523	红斑(边界清楚,高出皮肤)
1524	红斑结节
1525	红斑鳞屑
1526	红斑性烧伤
1527	红斑样皮疹
1528	红鼻头
1529	红赤面
1530	红色或紫色，稍高起的丘疹或结节
1531	红色盲
1532	红视
1533	红细胞呈钱串状
1534	红细胞分布宽度偏高
1535	红细胞畸形
1536	红细胞偏低
1537	红细胞寿命缩短
1538	红细胞体积增大
1539	红细胞压积偏高
1540	红细胞增多
1541	红眼
1542	红晕
1543	洪脉
1544	虹膜表面形成灰白色肿瘤结节
1545	虹膜发炎
1546	虹膜根部离断
1547	虹膜节段性萎缩
1548	虹膜蓝色
1549	虹膜缺损
1550	虹膜新生血管与纤维血管膜
1551	虹膜异色
1552	虹视
1553	喉部刺痛
1554	喉部堵塞感
1555	喉部痉挛
1556	喉部淋巴滤泡增生
1557	喉部有痰
1558	喉管阻塞
1559	喉肌无力
1560	喉结不明显
1561	喉结增大
1562	喉咙冒黏液
1563	喉咙痛
1564	喉咙痒
1565	喉弥漫性黏膜肥厚，凹凸不平
1566	喉鸣声
1567	喉头发紧
1568	喉头痉挛
1569	喉头水肿
1570	喉头增大
1571	喉痒咳嗽
1572	后发际低
1573	后发性遗忘
1574	后腹膜纤维化
1575	后脑勺疼
1576	呼气困难
1577	呼气时两颊鼓起和缩唇
1578	呼气时胸口痛
1579	呼气音延长
1580	呼气中有甜臭味
1581	呼吸不规则
1582	呼吸道狭窄
1583	呼吸道阻塞
1584	呼吸反射调节受损
1585	呼吸功能衰竭
1586	呼吸急促
1587	呼吸减慢而不规则
1588	呼吸窘迫综合症
1589	呼吸困难
1590	呼吸气为腐臭味
1591	呼吸气为酒味
1592	呼吸气为尿臭味
1593	呼吸气为蒜臭味
1594	呼吸浅慢
1595	呼吸衰竭
1596	呼吸速率减慢且规则
1597	呼吸性碱中毒
1598	呼吸性酸中毒
1599	呼吸异常
1600	呼吸抑制
1601	呼吸音粗糙
1602	呼吸音低
1603	呼吸音减弱
1604	呼吸暂停样现象
1605	呼吸中可有烂苹果味
1606	胡萝卜素血症
1607	胡子发黄
1608	胡子稀疏
1609	虎眼征
1610	滑脉
1611	滑膜发炎
1612	滑膜黑染
1613	滑膜增厚
1614	化脓结痂
1615	化脓性腮腺炎
1616	化学性皮肤灼伤
1617	化学性支气管炎
1618	化妆品的毛发损害
1619	怀孕时子宫异常增大
1620	踝部凹陷性水肿
1621	踝部及足背水肿
1622	踝关节屈曲挛缩畸形
1623	踝关节疼痛
1624	踝关节肿胀
1625	踝及足麻木和有灼痛感
1626	踝膝关节积液
1627	踝阵挛
1628	坏疽脓皮
1629	坏死性筋膜炎
1630	环甲肌失去收缩或牵引感
1631	环咽部运动障碍
1632	环状肉芽肿
1633	寰枢关节不稳定
1634	寰枢脱位
1635	缓脉
1636	幻觉
1637	幻听
1638	幻味
1639	幻想失去时间和空间感觉
1640	幻肢痛
1641	慌张步态
1642	黄白色黏痰有水果味
1643	黄斑回避现象
1644	黄斑囊样水肿
1645	黄斑盘状变性
1646	黄疸
1647	黄韧带肥厚
1648	黄色蛋花样稀便
1649	黄色发亮结痂
1650	黄色结节
1651	黄视
1652	黄素化囊肿
1653	黄体破裂
1654	黄指甲
1655	灰白大便
1656	灰白色结节
1657	回肠重复畸形
1658	回盲瓣功能不全
1659	回盲部结核
1660	回声阴影
1661	回吸性涕血
1662	蛔虫感染
1663	蛔虫性肠梗阻
1664	会厌炎
1665	会阴部牵引痛
1666	会阴部撕裂感
1667	会阴溃疡
1668	会阴瘘管或窦道形成
1669	会阴痒
1670	昏迷
1671	昏睡
1672	浑身忽冷忽热
1673	浑身酸痛
1674	混合型酸碱平衡紊乱
1675	混浊尿
1676	活动后气促
1677	获得性肥胖
1678	霍纳综合征
1679	喜讲秽语
1680	“鸡盲”或“雀盲”
1681	蹲踞现象
1682	发作间精神障碍
1683	肛门区红肿及痛性硬块
1684	肛门瘙痒
1685	饥饿时上腹痛
1686	机械地重复周围人的言语或行为
1687	机械性压迫
1689	肌腱端炎
1690	肌腱断裂
1691	肌腱拉伤
1692	肌腱囊肿
1693	肌腱扭伤
1694	肌腱粘连
1695	肌肉出血
1696	肌肉挫伤
1697	肌肉的失用性萎缩
1698	肌肉发育不良
1699	肌肉肥大
1700	肌肉坏死
1701	肌肉假肥大
1702	肌肉紧张性疼痛
1703	肌肉痉挛性疼痛
1704	肌肉拉伤
1705	肌肉挛缩
1706	肌肉撕裂
1707	肌肉酸痛
1708	肌肉跳动
1709	肌肉完全断裂
1710	肌肉萎缩
1711	肌肉纤维震颤
1712	肌肉压痛
1713	肌肉硬结
1714	肌肉砸伤
1715	肌肉撞伤
1716	肌束震颤
1717	肌体张力异常
1718	肌痛
1719	肌无力危象
1720	肌纤维颤搐
1721	肌纤维大小不等
1722	肌性肌无力
1723	肌张力过高
1724	肌张力减低
1725	肌张力降低
1726	肌阵挛
1727	鸡眼
1728	基底节出血
1729	基因融合
1730	稽留流产
1731	稽留热
1732	极速型心率
1733	极重度精神发育迟滞
1734	急腹症
1735	急性病容
1736	急性肠扭转
1737	急性房颤
1738	急性非化脓性一过性颈淋巴结肿胀
1739	急性腹痛
1740	急性宫颈炎
1741	急性呼吸窘迫综合征
1742	急性呼吸困难
1743	急性面容
1744	急性尿潴留
1745	急性贫血
1746	急性溶血性尿毒综合征
1747	急性肾衰竭
1748	急性胃扩张
1749	急性胃痛
1750	急性下肢缺血
1751	急性阴道感染
1752	棘突压痛
1753	集合管或乳头弥散性真菌浸润
1754	挤压伤
1755	脊肋角膨隆
1756	脊神经根受损
1757	脊神经压迫
1758	脊髓半切综合征
1759	脊髓病变
1760	脊髓出血
1761	脊髓的浸润
1762	脊髓梗死
1763	脊髓横贯损害
1764	脊髓马尾受累
1765	脊髓内胶质增生
1766	脊髓内空洞形成
1767	脊髓前角病变
1768	脊髓丘脑束受压
1769	脊髓缺血
1770	脊髓受压
1771	脊髓性肌萎缩
1772	脊髓性间歇破行
1773	脊髓休克
1774	脊髓压迫
1775	脊突叩痛
1776	脊柱病变性骨盆畸形
1777	脊柱侧弯
1778	脊柱的成角畸形
1779	脊柱骨质改变
1780	脊柱和四肢畸形
1781	脊柱后突
1782	脊柱裂
1783	脊柱破坏
1784	脊柱前突变直局部叩痛
1785	脊柱生理弯曲消失
1786	脊柱退变
1787	脊柱弯曲
1788	脊椎僵直
1789	记忆力消失
1790	记忆力障碍
1791	记忆受损
1792	技术狂躁症
1793	季节性浅红斑片
1794	季节性情绪抑郁
1795	季节性手脱皮
1796	继发感染
1797	继发性闭经
1798	继发性便秘
1799	继发性不孕
1800	继发性癫痫
1801	继发性肥胖
1802	继发性高血压
1803	继发性失眠
1804	继发性视神经萎缩
1805	继发性痛经
1806	继发性纤溶功能增强
1807	寂静腹
1808	夹层血肿
1809	颊部脂肪消失呈老年人面容
1810	甲亢面容
1811	甲亢危象
1812	甲身凹沟
1813	甲胎蛋白增高
1814	甲下出血
1815	甲营养不良
1816	甲周炎
1817	甲皱毛细血管袢数减少
1818	甲状旁腺功能亢进
1819	甲状旁腺机能减退
1820	甲状软骨下可触及异物撞击震动感
1821	甲状腺功能低下
1822	甲状腺机能亢进
1823	甲状腺扪及光滑坚实的椭圆形结节
1824	甲状腺肿
1825	甲状腺肿大
1826	假结核结节
1827	假菊形团结构
1828	假临产
1829	假期综合症
1830	假日心脏综合征
1831	假声现象
1832	假笑
1833	假性宫缩
1834	假性前房积脓
1835	假性延髓性麻痹
1836	假性幽门化生
1837	假牙疼痛
1838	假孕
1839	尖头并指
1840	间歇热
1841	间歇性鼻阻塞
1842	间歇性跛行
1843	间歇性耳痛
1844	间歇性寒颤
1845	间歇性尿蛋白
1846	间歇性失忆
1847	间歇性头痛
1848	间歇性头晕
1849	间歇性胃痛
1850	间歇性血尿
1851	肩膀酸疼
1852	肩背部沉重感
1853	肩背部肌肉痛
1854	肩背痛
1855	肩臂外侧的感觉障碍和功能受限
1856	肩部或肩胛区持续钝痛和深部钻刺样不适感
1857	肩部牵涉痛
1858	肩部运动受限
1859	肩带肌、上肢和胸背部诸肌的肌无力和肌萎缩
1860	肩关节活动受限
1861	肩关节痛
1862	肩胛带“模拟瘫痪”
1863	肩胛带的肌肉不发达
1864	肩胛带和上肢疼痛
1865	肩胛带肌肉萎缩
1866	肩胛放射性疼痛
1867	肩胛骨酸痛
1868	肩胛骨突出
1869	肩节后脱位
1870	肩痛
1871	肩周区弥散的钝痛及放射痛
1872	肩周酸痛不适
1873	缄默症
1874	睑结膜的巨大乳头
1875	睑结膜硬而扁平的乳头
1876	睑内翻
1877	睑外翻
1878	睑缘呈横“S”形下垂
1879	碱烧伤
1880	碱性磷酸酶增高
1881	健康线异常
1882	健忘
1883	健忘性失语
1884	腱反射亢进
1885	腱反射消失
1886	腱反射异常
1887	腱或腱止点处增粗或钙化
1888	腱鞘变干
1889	腱索断裂
1890	浆液脓性分泌物
1891	讲话频率小，不能发高音
1892	交叉腿
1893	交叉注视
1894	交感神经代偿性亢进
1895	交感神经高度紧张
1896	交替脉
1897	交替使用双眼
1898	交替性暴食厌食
1899	胶冻状便
1900	焦痂性烧伤
1901	焦虑
1902	焦虑性适应障碍
1903	焦虑致胸口痛
1904	角弓反张
1905	角弓反张位
1906	巩膜葡萄肿
1907	角回受损
1908	角结膜干燥症
1909	角膜表面三角形胬肉
1910	角膜大小不等的透明水泡
1911	角膜反射迟钝
1912	角膜干燥斑
1913	角膜后胚胎环
1914	角膜混浊
1915	角膜晶状体粘连
1916	角膜溃疡
1917	角膜瘘
1918	角膜糜烂
1919	角膜色膜环
1920	角膜上点状暗灰色混浊
1921	角膜上皮糜烂
1922	角膜烧伤
1923	角膜树枝状改变
1924	角膜外缘有棕绿色色素环
1925	角膜炎
1926	角膜异物
1927	角膜有菌苔或溃疡
1928	角膜知觉减少
1929	角膜中央后部典型碎银状外貌
1930	角膜灼伤刮伤
1931	角栓
1932	角形甲弧影
1933	角质层过度增厚
1934	角质化
1935	角质增厚
1936	脚臭
1937	脚底干裂
1938	脚冻伤
1939	脚后跟长骨刺
1940	脚气
1941	脚上血泡
1942	脚外侧疼
1943	脚趾甲内长
1944	脚趾皮肤黄泡后紫黑
1945	疖肿
1946	节段性分离性感觉障碍
1947	节段性肌张力障碍
1948	节律性刻板重复的不自主运动
1949	结肠袋半月襞消失
1950	结肠粪性穿孔
1951	结肠梗阻
1952	结肠黑变
1953	结肠内形成坚硬的粪石
1954	结肠膨胀
1955	结肠憩室
1956	结肠息肉
1957	结肠血管发育不良
1958	结缔组织性外痔
1959	结核杆菌血行播散
1960	结核中毒
1961	结痂
1962	结节
1963	结节性硬化
1964	结脉
1965	结膜变浅或变苍白
1966	结膜充血
1967	结膜干燥斑
1968	结膜乳头增生
1969	结膜异物
1970	睫毛掉落
1971	睫状充血
1972	截瘫
1973	戒断反应
1974	戒断性痫性发作
1975	疥疮
1976	疥疮结节
1977	疥疮恐惧
1978	金鱼眼
1979	金属音调咳嗽
1980	津亏血燥
1981	筋膜疼痛
1982	紧箍咒一样头紧
1983	紧脉
1984	紧张
1985	紧张性木僵
1986	紧张性疲劳
1987	紧张性失眠
1988	紧张性手抖
1989	紧张性头痛
1990	紧张性头晕
1991	近迫性昏迷
1992	近迫性心肌梗塞
1993	近曲小管受累
1994	近事遗忘现象
1995	近视弧
1996	近视散光
1997	进食过硬的食物口腔损伤
1998	进食后出现弥漫性腹部绞痛
1999	进食困难
2000	进食流泪
2001	进食呕吐
2002	进食样自动症
2003	进食异常
2004	进行性痴呆
2005	进行性肝缩小
2006	进行性肌麻痹
2007	进行性颈部肿块
2008	进行性肉芽性溃疡坏死
2009	进行性消瘦
2010	经常说梦话
2011	经络阻塞
2012	经期便血
2013	经期出血
2014	经期浮肿
2015	经期前后小腹坠痛
2016	经期前乳房痛
2017	经期缩短
2018	经期提前
2019	经期头痛
2020	经期推迟
2021	经期小腹坠痛
2022	经期肿胀
2023	经前期膝痛
2024	经前综合症
2025	惊厥
2026	惊恐发作
2027	惊跳
2028	晶状体蛋白逸出
2029	晶状体混浊
2030	晶状体囊壁破裂
2031	晶状体膨胀增大
2032	晶状体青光眼斑
2033	晶状体铁质沉着
2034	晶状体突出
2035	晶状体脱位或半脱位
2036	晶状体移位
2037	晶状体皱缩
2038	精囊缩小
2039	精囊增大
2040	精神变态
2041	精神创伤
2042	精神过敏
2043	精神活性物质所致精神障碍
2044	精神萎靡
2045	精神依赖性
2046	精神运动性活动变坏
2047	精神运动性兴奋
2048	精神障碍
2049	精索静脉曲张
2050	精索增粗肿胀
2051	精虚血弱
2052	精血不足
2053	精液稠
2054	精液带血
2055	精液发黄
2056	精液量多
2057	精液少
2058	精液稀
2059	精子不液化
2060	精子存活率低
2061	精子大头畸形
2062	精子活力低
2063	精子质量差
2064	精子凝集
2065	精子稀少
2066	精子异常
2067	精子质量下降
2068	颈背部肌肉痉挛
2069	颈背疼痛
2070	颈部搏动
2071	颈部不稳感
2072	颈部潮红
2073	颈部呈僵直状
2074	颈部粗
2075	颈部肌肉肿胀变硬
2076	颈部僵硬
2077	颈部可前屈，怕仰伸
2078	颈部淋巴结肿大
2079	颈部囊性病变
2080	颈部扭伤
2081	颈部怕前屈，怕仰伸
2082	颈部强硬
2083	颈部缺血性跳痛
2084	颈部烧伤
2085	颈部酸痛
2086	颈部疼痛
2087	颈部有擦伤痕迹或肿胀
2088	颈部皱纹多
2089	颈动脉搏动减弱或消失
2090	颈动脉窦性晕厥
2091	颈动脉痛
2092	颈短
2093	颈根部斜方肌及风池穴处有压痛点
2094	颈后及肩部皮肤发硬
2095	颈肩疲劳和软组织疼痛
2096	颈肩痛
2097	颈交感链受累
2098	颈静脉充盈
2099	颈静脉怒张
2100	颈内动脉创伤性血栓
2101	颈强直
2102	颈软不能抬头
2103	颈髓脱髓鞘性病变
2104	颈髓完全性损伤
2105	颈髓硬膜外病变
2106	颈性高血压
2107	颈性头痛
2108	颈性眩晕
2109	颈椎变形
2110	颈椎肥大
2111	颈椎分节异常
2112	颈椎骨折脱位
2113	颈椎关节的根性疼痛
2114	颈椎间盘突出
2115	颈椎间盘退变
2116	颈椎痛
2117	颈椎退化
2118	颈椎增生
2119	颈椎椎节已有明显退行性变
2120	胫骨粗隆肿胀
2121	胫骨干骨不连
2122	胫骨假关节形成
2123	胫骨结节处的酸痛，肿胀
2124	胫骨疼痛
2125	胫骨压痛
2126	胫前和足部坚硬的非凹陷性水肿斑块
2127	胫前黑斑
2128	胫前指压性水肿
2129	痉挛性便秘
2130	痉挛性的肌张力增高
2131	痉挛性截瘫步态
2132	痉挛性截瘫期
2133	痉挛性咳嗽
2134	痉挛性偏瘫步态
2135	痉挛性斜颈
2136	痉笑面容
2137	静脉侧支循环建立
2138	静脉出血
2139	静脉逗
2140	静脉回流障碍
2141	静脉内持续性血流
2142	静脉曲张
2143	静脉曲张性溃疡
2144	静脉曲张性外痔
2145	静脉栓塞
2146	静脉萎陷
2147	静脉血流滞缓
2148	静脉血栓
2149	静脉血氧饱和度（SVO2）降低
2150	静止性结石
2151	静止性震颤
2152	镜面舌
2153	镜子征
2154	久病亏损
2155	久不消退的红色皮肤疤
2156	酒悖
2157	酒后便血
2158	酒后四肢酸痛
2159	酒精成瘾
2160	酒精过敏
2161	酒精性肝硬化
2162	酒精性幻觉症
2163	酒精性胃黏膜损伤
2164	酒精性心肌
2165	酒精性震颤
2166	酒精依赖
2167	酒精中毒性幻觉症
2168	酒精中毒性嫉妒妄想
2169	酒精中毒性偏执状态
2170	酒糟鼻
2171	局部静脉压痛
2172	局部静脉硬索状
2173	局部可摸到肌腹与肌腱连接处略有缺失与下陷
2174	局部淋巴结肿大
2175	局部皮肤变紧
2176	局部软组织浸润
2177	局部头痛
2178	局部压痛
2179	局部游走性红斑
2180	局部肢体抽动
2181	局部灼热
2182	局限性肌张力障碍
2183	局限性肾坏死
2184	局灶症状
2185	咀嚼肌肥大
2186	咀嚼肌痉挛
2187	沮丧
2188	巨肠症
2189	巨大膀胱
2190	巨大的结肠
2191	巨大颅骨缺损
2192	巨痕症
2193	巨脚
2194	巨口
2195	巨脾症
2196	巨乳
2197	巨舌
2198	巨输尿管症
2199	巨胃窦症
2200	巨阴症
2201	巨指(趾)
2202	巨痣症
2203	拒食
2204	剧烈神经根性痛
2205	剧烈疼痛
2206	剧烈头痛
2207	剧烈眩晕，站立不稳
2208	剧烈运动后呕吐
2209	剧烈运动后头晕
2210	剧烈运动后腰痛
2211	剧烈运动或强体力劳动后血尿
2212	剧痛
2213	剧痒
2214	剧痒的疣状结节
2215	惧站立，喜依托
2216	距骨坏死
2217	聚合性痤疮
2218	决断困难感
2219	绝汗
2220	绝经
2221	绝经过渡期及绝经后闭经
2222	绝经后白带增多
2223	绝经后出血
2224	绝经后子宫内膜增厚
2225	绝经年龄过迟
2226	绝经年龄过早
2227	绝经期面红
2228	绝望感
2229	觉醒状态丧失
2230	均小型狭窄
2231	菌尿
2232	菌血症
2233	脐部有一半球形肿块
2234	脐带过短或相对过短
2235	脐带脱落后伤口不愈并溢液
2236	脐带血流
2237	脐带血循环障碍
2238	脐尿管残余
2239	脐窝湿润有臭味
2240	脐周腹壁缺损
2241	脐周皮肤青紫色斑
2242	脐周围褪色
2243	脐周肿胀
2244	伤口结疤
2245	胎儿酒精影响
2246	糖激素依赖
2247	限局性巩膜膨隆肿物
2248	“咳嗽水”上瘾
2249	Korsakov综合征
2250	咖啡斑
2251	开放性神经管缺陷
2252	开放性损伤
2253	开睑及闭睑失用
2254	看不到脚尖步行困难
2255	看东西变远
2256	看东西有小黑点
2257	看东西有重影
2258	抗-HCVAg阳性
2259	抗Jo-1抗体阳性
2260	抗感染能力下降
2261	抗精子抗体阳性
2262	抗利尿激素(ADH)分泌减少
2263	抗利尿激素(ADH)分泌增多
2264	抗卵巢抗体阳性
2265	抗内膜抗体阳性
2266	考试焦虑
2267	考试综合症
2268	咳出带臭味的干痂
2269	咳出黄色痰液
2270	咳出棕色痰栓
2271	咳泡沫黏液痰
2272	咳巧克力色痰
2273	咳声嘶哑
2274	咳嗽
2275	咳嗽伴杵状指
2276	咳嗽伴呼吸困难
2277	咳嗽伴体重减轻
2278	咳嗽伴哮鸣音
2279	咳嗽伴胸痛
2280	咳嗽反射
2281	咳嗽性晕厥
2282	咳痰
2283	咳铁锈色痰
2284	咳血
2285	吐血痰
2286	可逆性氮质血症
2287	克汀病面容
2288	空肠憩室
2289	空洞形成
2290	空腹低血糖
2291	空腹时腹部有振水声者
2292	空间感知障碍
2293	空气栓塞
2294	空虚症
2295	恐风
2296	恐惧
2297	恐水症
2298	控制不住的联想
2299	控制能力丧失
2300	芤脉
2301	口、眼、生殖器损害
2302	口鼻生疮
2303	口鼻血性分泌物
2304	口鼻周围发绀
2305	口吃
2306	口齿不清
2307	口齿含糊
2308	口臭
2309	口唇苍白
2310	口唇常无力而不能鼓气
2311	口唇潮红
2312	口唇出血
2313	口唇刺痛
2314	口唇发绀
2315	口唇发黄
2316	口唇泛黑
2317	口唇泛红
2318	口唇干燥
2319	口唇和甲床略带青紫
2320	口唇皲裂
2321	口唇麻木
2322	口唇疱疹
2323	口唇青紫
2324	口唇渗液
2325	口唇严重充血呈红色
2326	口唇周围麻木感刺痛
2327	口唇周围有炎性鳞状皮肤
2328	口淡黏腻
2329	口淡无味
2330	口干
2331	口干渴难忍
2332	口干舌燥
2333	口及咽部烧灼感
2334	口角和鼻周出现黄白色水疱
2335	口角肌肉的抽搐
2336	口角皲裂
2337	口角生疮
2338	口角歪斜，无法说话
2339	口角下垂
2340	口角向外的放射性皱纹
2341	口渴感丧失
2342	口苦
2343	口辣
2344	口腔唇系带粗大
2345	口腔幻触
2346	口腔溃疡
2347	口腔难愈的白色片状物
2348	口腔黏膜白斑
2349	口腔黏膜呈现青紫色
2350	口腔黏膜黄豆大小，半透明的无痛小疱
2351	口腔黏膜溃疡
2352	口腔黏膜脱落
2353	口腔黏膜纤维化
2354	口腔念珠菌感染
2355	口腔痛
2356	口腔血泡
2357	口腔粘膜弥漫充血
2358	口腔粘膜色素沉着
2359	口腔粘膜上白色较硬的隆起斑块
2360	口腔粘膜有形似奶块的斑膜
2361	口涩
2362	口舌生疮
2363	口酸
2364	口酸伴有口苦烧心
2365	口甜
2366	口痛
2367	口吐白沫
2368	口咸
2369	口香
2370	口咽部水疱状损害
2371	口咽异物
2372	口炎
2373	口有溴味及咸味
2374	口粘腻
2375	口中有金属甜味
2376	寇热
2377	哭泣样尖叫
2378	哭泣晕厥
2379	哭笑失常
2380	苦笑面容
2381	库欣综合征
2382	夸大狂
2383	跨阈步态
2384	块状痰
2385	快感缺乏
2386	髋、膝、肘部呈屈曲畸形
2387	髋部酸胀不适
2388	髋关节发育不良
2389	髋关节积液
2390	髋关节痛
2391	髋关节脱位
2392	髋内翻
2393	髋外侧可见皮下瘀血斑
2394	髋外侧酸胀
2395	髋外侧肿胀压痛
2396	狂笑
2397	眶底爆折
2398	眶静脉回流障碍
2399	眶周青紫
2400	眶周水肿
2401	眶周瘀斑
2402	窥淫癖
2403	溃疡
2404	溃疡穿孔或出血
2405	溃疡分泌物恶臭
2406	溃疡龛影
2407	溃疡疼痛
2408	溃疡外观呈菜花样
2409	溃疡外观呈虫蚀样
2410	溃疡外观呈火山口样
2411	阔韧带内形成血肿
2412	咯多量血性泡沫痰
2413	露出骨头的骨折
2414	躁狂与昏睡交替
2415	“老练”外貌
2416	睑结膜充血露出黄色脓块
2417	睑结膜出现灰白色膜
2418	睑结膜泪阜区灰黑色肿物
2419	睑结膜沙粒外观
2420	睑裂狭小
2421	眶上裂综合征
2422	腊肠趾
2423	阑尾壁缺血坏死
2424	阑尾穿孔
2425	阑尾感染
2426	阑尾脓肿
2427	阑尾腔闭塞
2428	阑尾缺血充血
2429	阑尾周围脓肿
2430	阑尾组织纤维化
2431	蓝巩膜
2432	蓝鼓膜征
2433	蓝黄色盲
2434	蓝黄色弱
2435	蓝色、蓝灰色或蓝黑色丘疹
2436	蓝色视野缺损
2437	蓝色橡皮大疱痣
2438	懒胆囊
2439	烂桃样血痰
2440	烂眼边
2441	劳动后气急
2442	劳动耐力下降
2443	劳累后感觉胸闷
2444	劳累后心悸
2445	劳累后胸痛
2446	劳累后遗精
2447	劳累时腰部酸痛或胀痛
2448	劳力性呼吸困难
2449	劳力性晕厥
2450	牢脉
2451	老化松弛性眼袋
2452	老来瘦
2453	老年妇女乳房增大
2454	老年男性乳房无痛性肿块
2455	老年人非病变性眼前飞蚊
2456	老年人高粘血症
2457	老年人流泪多
2458	老年人腿抽筋
2459	老年人小腿浮肿
2460	老年性眩晕
2461	老年性震颤
2462	老人便秘
2463	老人剧烈咳嗽
2464	老人髋部疼痛
2465	老人行动迟缓
2466	老人性格孤僻
2467	酪氨酸血症
2468	肋骨及胸骨下吸入性凹陷
2469	肋骨融合
2470	肋骨痛
2471	肋间肩胛带疼痛
2472	肋间神经痛
2473	肋间隙变窄
2474	肋间隙可有压痛
2475	肋膜腔积水
2476	肋痛
2477	泪道阻塞
2478	泪膜消失
2479	泪腺不发达
2480	泪腺发炎
2481	泪腺汗腺及涎腺等先分泌增多而后减少
2482	泪腺囊肿
2483	泪腺脱垂
2484	泪腺肿大
2485	泪液、唾液及汗液分泌减少或消失
2486	泪溢
2487	类癌面红
2488	类癌综合征
2489	类风湿关节炎
2490	类戒断反应
2491	类偏狂
2492	类人猿型骨盆
2493	类似荨麻疹的皮肤潮红斑块
2494	累及整个腹腔的腹膜炎
2495	冷汗
2496	冷汗淋漓
2497	冷结节
2498	冷球蛋白发生沉淀或呈胶冻状
2499	冷球蛋白血症
2500	冷热交替
2501	里急后重
2502	立毛反射减弱
2503	立毛反射亢进
2504	立卧心率差数
2505	利尿
2506	沥青烧伤
2507	粒细胞减少
2508	痢疾
2509	痢疾样大便
2510	连枷胸
2511	连续机器样杂音
2512	联合瓣膜脱垂
2513	联想障碍
2514	脸部大小不一
2515	脸部疼痛
2516	脸冻伤
2517	脸红
2518	脸颊潮红
2519	脸颊出现红血丝
2520	脸颊发灰
2521	脸裂
2522	脸色发黑
2523	脸色发黄
2524	脸上长斑
2525	脸上黑斑
2526	恋爱挫折综合征
2527	恋毛巾被癖
2528	恋尸型性变态
2529	恋兽型性变态
2530	良性反应性改变
2531	良性假肥大型肌营养不良症
2532	良性溃疡改变
2533	凉结节
2534	两臂不能上举而成垂肩
2535	两侧颊部及颞部凹入
2536	两肺满布粟粒状阴影
2537	两肺毛玻璃样粟粒样或结节样改变
2538	两肺弥漫或散在可逆性哮鸣音
2539	两手颤抖
2540	两条腿不一样长
2541	两下肺纹理增粗
2542	两性畸形
2543	两眼干涩
2544	两眼上视障碍
2545	两眼下视不能
2546	裂腭
2547	临产后俯屈不良
2548	临产后胎头衔接较晚
2549	临产后阵痛剧烈
2550	淋巴道转移
2551	淋巴发育不全
2552	淋巴管破裂
2553	淋巴管淤积
2554	淋巴结充血
2555	淋巴结穿刺有草黄色清亮液体
2556	淋巴结结核
2557	淋巴结疼痛
2558	淋巴结退化
2559	淋巴结肿大
2560	淋巴液流出
2561	淋巴增生
2562	磷烧伤合并中毒
2563	鳞屑
2564	鳞状上皮
2565	鳞状细胞癌
2566	鳞状细胞化生
2567	菱形-现象
2568	流鼻涕
2569	流鼻血
2570	流产
2571	流感样症状
2572	流黄鼻涕
2573	流泪
2574	流清涕
2575	流涎
2576	流行性肌痛
2577	瘤体坚硬
2578	瘤体牵拉
2579	瘤细胞浸润
2580	咯血
2581	咯血伴发热
2582	咯血伴黄疸
2583	咯血伴呛咳
2584	咯血伴胸痛
2585	咯血伴有皮肤粘膜出血
2586	漏斗骨盆
2587	露阴癖
2588	颅底畸形
2589	颅缝过早闭合
2590	颅骨骨折
2591	颅骨连续性中断
2592	颅骨增生
2593	颅面骨畸形
2594	颅内出血
2595	颅内钙化
2596	颅内感染
2597	颅内高压
2598	颅内头痛
2599	颅内压增高
2600	颅内占位性病变
2601	颅脑损伤后头痛
2602	颅神经麻痹
2603	颅神经损害
2604	颅外头痛
2605	颅压增高
2606	滤泡增大
2607	旅行者水肿
2608	绿色盲
2609	绿色尿
2610	绿色弱
2611	绿视
2612	绿牙或棕褐色牙
2613	挛缩性疤痕
2614	挛缩性瘢痕
2615	卵巢功能障碍
2616	卵巢囊肿
2617	卵巢缺如或发育不全
2618	卵巢性闭经
2619	卵巢性多毛
2620	卵泡刺激素(FSH)增高
2621	卵泡囊肿
2622	卵圆孔闭合不全
2623	卵圆窝未闭
2624	啰音
2625	螺旋形骨折
2626	落枕
2627	面部半球形蓝黑色结节
2628	面部浮肿
2629	男性化
2630	囟门闭合晚
2631	囟门跳动
2632	Moro反应迟钝
2633	麻痹
2634	麻痹性肠梗阻
2635	麻风恐怖
2636	麻疹面容
2637	麻醉药中毒
2638	马蹄内翻足
2639	马蹄外翻足
2640	马尾损伤
2641	埋藏齿
2642	脉搏短绌
2643	脉搏加速
2644	脉搏快而弱
2645	脉搏脱漏
2646	脉搏细弱甚至不能清楚触及
2647	脉搏细速
2648	脉沉缓或沉细
2649	脉缓
2650	脉率增快
2651	脉络膜凹陷
2652	脉数
2653	脉速而无力
2654	脉压差大
2655	脉压差低
2656	脉压缩小
2657	脉压小
2658	脉压增宽
2659	脉氧合不足
2660	满月脸
2661	慢性房颤
2662	慢性腹痛
2663	慢性静脉功能不全
2664	慢性咳嗽
2665	慢性溃疡
2666	慢性面容
2667	慢性盆腔痛
2668	慢性贫血
2669	慢性肾功能不全
2670	慢性肾衰竭
2671	慢性肾损害
2672	慢性湿疹样变
2673	慢性头痛
2674	慢性胃痛
2675	慢性腰痛伴下肢麻痛
2676	盲袋阴道
2677	盲点
2678	猫喘音
2679	毛发呈脱发祥
2680	毛发干枯
2681	毛发干燥易断
2682	毛发脱落
2683	毛发稀少
2684	毛发异常
2685	毛发增多
2686	毛发增生
2687	毛孔粗大
2688	毛孔堵塞
2689	毛孔角化过度
2690	毛囊角栓
2691	毛囊性呈鳞片状角化
2692	毛细血管搏动
2693	毛细血管出血
2694	毛细血管扩张症
2695	毛细血管渗漏综合征
2696	没有肛门
2697	玫瑰疹
2698	眉弓凹陷
2699	眉弓囊肿
2700	眉弓疼痛
2701	眉间皱纹
2702	眉毛变白
2703	眉毛外侧脱落稀疏而细
2704	眉下垂或位置低
2705	梅毒肝
2706	梅毒感染
2707	梅毒恐怖
2708	梅毒性脱发
2709	煤尘或胆固醇结晶的黏痰
2710	霉菌感染
2711	门齿间距增宽
2712	门静脉积气
2713	门静脉血流郁滞
2714	门脉高压
2715	门体侧支循环
2716	门体侧支循环的形成
2717	门诊高血压
2718	萌牙延迟
2719	梦幻觉
2720	梦行症
2721	梦游症
2722	弥漫性出血
2723	弥漫性腹部骨化
2724	弥漫性骨膜增厚
2725	弥漫性骨质疏松
2726	弥漫性鼓音
2727	弥漫性脐周疼痛
2728	弥漫性头痛
2729	弥漫性系膜硬化
2730	弥漫性下腰痛
2731	弥漫性血管角化
2732	弥漫性脂肪变性
2733	迷恋足部或鞋袜
2734	迷走神经兴奋
2735	迷走神经张力增高
2736	泌尿道破裂
2737	泌尿道狭窄
2738	泌尿道阻塞
2739	泌尿生殖窦
2740	泌尿系感染
2741	泌乳障碍
2742	免疫功能障碍
2743	免疫力降低
2744	免疫力下降
2745	免疫缺陷
2746	免疫损害
2747	免疫性溶血
2748	免疫性肾炎
2749	面、颈部味觉性多汗
2750	面、头、颈、肩发作性剧痛
2751	面部斑点
2752	面部蝶形红斑
2753	面部多毛
2754	面部肌肉痉挛
2755	面部畸形
2756	面部叩击征
2757	面部麻木
2758	面部皮肤油腻
2759	面部皮肤有结节状增生
2760	面部皮肤皱纹增多
2761	面部闪电疼痛
2762	面部脱皮
2763	面部血管纤维瘤
2764	面部一侧出汗另一侧却无汗
2765	面长耳大
2766	面肌抽搐
2767	面肌及颈肌紧张
2768	面肌强直
2769	面肌萎缩
2770	面肌无力
2771	面颊及上胸部充血
2772	面颊明显内陷
2773	面具脸
2774	面容呈灰色
2775	面容憔悴早老
2776	面容失认
2777	面色苍白
2778	面色潮红
2779	面色灰暗
2780	面色青灰
2781	面色青紫
2782	面神经瘫痪
2783	面痛
2784	面纹消失
2785	面下部头痛
2786	酩酊感
2787	摸空症
2788	摸索反射
2789	模仿性自动症
2790	模仿言语
2791	模糊不定，情绪性面痛
2792	摩擦型性变态
2793	磨牙
2794	磨牙后垫红肿
2795	末梢神经炎
2796	末指短小向内弯曲或只有两指节
2797	母婴ABO血型不合
2798	拇、食、中三指有放射痛
2799	拇食指捏物功能障碍
2800	拇外翻
2801	拇指半月甲呈粉红色时
2802	拇指不明原因疼痛
2803	拇指和食指不能对掌成完好的“O”形
2804	拇指仅存软组织而无骨骼
2805	拇指内收畸形
2806	拇指三节
2807	拇指征
2808	拇趾与二趾趾间距大
2809	木僵
2810	目赤
2811	目垢增多
2812	目光呆滞
2813	目痛
2814	尿流呈波动状
2815	细胞酶活性异常
2816	电脑失写症
2817	内出血
2818	内毒素血症
2819	内分泌功能减退
2820	内分泌功能亢进
2821	内踝下区域疼痛肿胀
2822	内容难以听清的自言自语
2823	内收型骨折
2824	内向性思维
2825	内斜A征
2826	内斜V征
2827	内脏出血
2828	内脏梗阻
2829	内脏痛
2830	内脏性肥胖
2831	纳差
2832	耐热力降低
2833	男型骨盆
2834	男性不育
2835	男性乳房大
2836	男性小便刺痛
2837	男性小腹痛
2838	男性小腹坠痛
2839	男性型肥胖
2840	男性性早熟
2841	男子性功能障碍
2842	难免流产或不可避免流产
2843	难免早产
2844	难入睡或易惊醒
2845	难治性腹水
2846	难治性溃疡
2847	难治性贫血
2848	喃喃重复自语
2849	囊性坏死
2850	囊性肿块
2851	囊样斑块
2852	囊肿
2853	囊肿壁薄且内含无色液体
2854	囊肿性痤疮
2855	囊肿样改变
2856	脑白质变性
2857	脑白质偏少
2858	脑白质脱髓鞘
2859	脑白质萎缩
2860	脑白质稀疏
2861	脑穿通畸形
2862	脑电波的改变
2863	脑干病变
2864	脑干出血
2865	脑干梗塞
2866	脑干损害体征
2867	脑功能不全
2868	脑沟变宽
2869	脑灰质移位
2870	脑灰质异常
2871	脑积水
2872	脑脊髓膜浸润
2873	脑脊液白细胞增加
2874	脑脊液鼻漏
2875	脑脊液蛋白量增高
2876	脑痉挛
2877	脑膜刺激征
2878	脑膜刺激症状
2879	脑膜炎
2880	脑膜增厚
2881	脑脓肿
2882	脑器质性精神障碍
2883	脑桥小脑角综合征
2884	脑缺血
2885	脑缺氧
2886	脑软化
2887	脑疝
2888	脑疝危象
2889	脑神经麻痹
2890	脑实质出血
2891	脑实质的浸润
2892	脑实质深部出血
2893	脑室出血
2894	脑室受压移位
2895	脑衰弱综合征
2896	脑水肿
2897	脑细胞出现营养不良性蜕变
2898	脑细胞脱水
2899	脑血管动静脉畸形
2900	脑血管痉挛
2901	脑炎样改变
2902	脑叶出血
2903	脑占位性病变
2904	脑转移
2905	讷吃
2906	能力减退感
2907	能量不足
2908	逆向型房室折返性心动过速
2909	逆行性细菌感染
2910	逆行性遗忘
2911	年轻女性心悸胸闷
2912	年轻人的眼袋
2913	黏稠或脓性痰伴有腥臭味
2914	黏膜白斑
2915	黏膜出现出血点
2916	黏膜干燥
2917	黏膜稍苍白
2918	黏膜损害
2919	黏液便
2920	黏液分泌亢进
2921	黏液囊肿
2922	黏液尿
2923	黏液脓性痰
2924	黏液性水肿
2925	捻发音
2926	念珠菌感染
2927	鸟嘴样尖鼻
2928	尿暗黑色
2929	尿崩
2930	尿比重下降
2931	尿比重增高
2932	尿闭
2933	尿常规异常
2934	尿赤
2935	尿胆红素阴性
2936	尿胆原排泻增加
2937	尿胆原增加
2938	尿蛋白
2939	尿道瓣
2940	尿道变粗变硬
2941	尿道刺痒
2942	尿道的条索状肿块
2943	尿道分泌粘液或脓性分泌物
2944	尿道结节
2945	尿道结石
2946	尿道局部肿胀
2947	尿道口出现结节状或红色的出血性肿物
2948	尿道口疼
2949	尿道口痒
2950	尿道口有白膜形成
2951	尿道口有红斑和水肿
2952	尿道口粘连
2953	尿道流出分泌物
2954	尿道流血
2955	尿道瘘
2956	尿道弥漫性浸润
2957	尿道内虫咬感或阴道内虫爬感
2958	尿道内口呈漏斗样改变
2959	尿道黏膜外翻
2960	尿道烧灼感
2961	尿道下裂
2962	尿道痒感
2963	尿淀粉酶升高
2964	尿分叉
2965	尿钙增多
2966	尿黑酸
2967	尿后滴沥
2968	尿黄似浓茶
2969	尿急
2970	尿磷
2971	尿流变细或中断
2972	尿流缓慢
2973	尿流中断
2974	尿瘘
2975	尿滤过分数明显下降
2976	尿路结石
2977	尿锰粪锰
2978	尿内出现蛋白及管型
2979	尿钠排出量极低
2980	尿偏碱
2981	尿频
2982	尿频伴尿急和尿痛
2983	尿妊娠试验阳性
2984	尿色酱红或呈酱油色
2985	尿渗透压下降
2986	尿失禁
2987	尿失禁与遗尿
2989	尿酸代谢亢进
2990	尿酸化异常
2991	尿酸结晶
2992	尿酸盐在关节内沉积增多
2993	尿糖
2994	尿痛
2995	尿外渗
2996	尿血
2997	尿液氨水味
2998	尿液呈黑色
2999	尿液臭味
3000	尿液混浊
3001	尿液烂苹果味
3002	尿液中有稠厚胶样物
3003	尿意窘迫
3004	尿隐血
3005	尿中持续性排钠
3006	尿中雌激素增高
3007	尿中磷酸盐排出增多
3008	尿中有较多尿卟啉
3009	尿中有特殊鼠臭味
3010	尿中组织胺排泄增加
3011	颞部疼痛
3012	颞骨隆起
3013	柠檬色痰
3014	凝肩
3015	凝视麻痹
3016	凝视征
3017	凝血功能障碍
3018	凝血因子功能的障碍
3019	凝血障碍
3020	牛奶色或米汤样便
3021	扭伤
3022	扭转动作
3023	扭转痉挛
3024	脓包
3025	脓包型痘痘
3026	脓鼻涕增多且不易擤尽
3027	脓毒性血栓
3028	脓毒性血症或多发性迁徙性脓肿
3029	脓痱
3030	脓尿
3031	脓疱
3032	脓疱性痤疮
3033	脓苔
3034	脓痰
3035	脓性分泌物
3036	脓性分泌物增多
3037	脓胸
3038	脓血性白带
3039	脓液为巧克力色或查到阿米巴原虫
3040	脓肿
3041	脓肿破入胸腔
3042	努嘴伸舌
3043	女性膀胱颈梗阻
3044	女性不孕
3045	女性第二性征消失
3046	女性乳房表浅质硬状如象皮者的皮下结节
3047	女性体毛多
3048	女性小腹疼痛
3049	女性型肥胖
3050	女性性器官反应缺乏
3051	女性性早熟
3052	女性腰骶生理性前突明显
3053	女性周期性鼻塞和鼻衄
3054	女阴会阴出现红色结痂斑块
3055	皮肤粘连
3056	桡骨头发育不良
3057	粘膜充血
3058	粘膜乳突状生长
3059	粘膜萎缩
3060	粘膜有粘着性白斑
3061	粘膜增生性炎症
3062	粘膜疹
3063	粘性渗出性薄膜
3064	粘液腺体肥大
3065	粘液性水肿面容
3066	PAS染色阳性
3067	膀胱残余尿量增多
3068	膀胱刺激征
3069	膀胱功能障碍
3070	膀胱结核
3071	膀胱痉挛
3072	膀胱排空不全
3073	膀胱膨隆
3074	膀胱憩室                             膀胱憩室
3075	膀胱容量的减少
3076	膀胱纤维化
3077	膀胱阴道瘘
3078	腓肠肌痉挛
3079	腓肠肌痉挛性疼痛
3080	腓肠肌拉伤
3081	腓肠肌强直收缩并有疼痛
3082	腓肠肌撕裂
3083	腓肠肌压痛
3084	腓骨肌对称萎缩逐渐向上发展
3085	帕里诺眼-腺综合征
3086	排便不尽感
3087	排便感
3088	排便困难
3089	排便频率异常
3090	排便时间过长
3091	排便障碍
3092	排出结石
3093	排粪时肛门灼痛
3094	排钾过多
3095	排尿不畅
3096	排尿过程中发生晕厥
3097	排尿困难及尿潴留
3098	排尿前后膀胱区痛
3099	排尿时外阴灼热、瘙痒或疼痛
3100	排尿疼痛
3101	排尿异物感
3102	排尿障碍
3103	排气多
3104	排气障碍
3105	排水样血性大便
3106	排痰无力
3107	盘状红斑
3108	蹒跚步态
3109	判断力和定向力障碍
3110	泡样水肿
3111	疱疹
3112	疱疹后神经痛
3113	胚胎发育供血不足
3114	胚胎发育慢
3115	胚胎发育障碍
3116	胚胎停止发育
3117	赔偿神经症
3118	盆腔包块
3119	盆腔沉重感
3120	盆腔积液
3121	盆腔脊膜膨出
3122	盆腔内有较广泛浸润
3123	盆腔脓肿
3124	盆腔下垂感
3125	盆腔瘀血
3126	盆腔肿块
3127	盆腔坠痛
3128	膨胀性肝脏搏动
3129	膨胀性萎缩纹
3130	碰撞后皮肤容易青紫
3131	皮窦道
3132	皮肤白喉
3133	皮肤绷紧肥厚失去弹性
3134	皮肤边缘翘起
3135	皮肤变薄、发亮
3136	皮肤表面常出现大小不一散在性血泡
3137	皮肤擦伤
3138	皮肤苍白
3139	皮肤呈黄绿或绿褐色
3140	皮肤呈鳞片状
3141	皮肤呈浅黄或深金黄色
3142	皮肤呈实质性非凹陷性发硬
3143	皮肤出现硬块
3144	皮肤出血斑
3145	皮肤出血点
3146	皮肤触痛
3147	粪类圆线虫病
3148	皮肤粗糙
3149	皮肤脆性增加
3150	皮肤皴裂
3151	皮肤弹性差
3152	皮肤的非干酪性肉芽肿
3153	皮肤冻伤
3154	皮肤多痣
3155	皮肤发黑瘙痒
3156	皮肤发红
3157	皮肤发黄
3158	皮肤发黄但巩膜没有黄染
3159	皮肤肥厚
3160	皮肤丰满度丧失
3161	皮肤钙沉着
3162	皮肤钙化
3163	皮肤干而发红
3164	皮肤干燥
3165	皮肤干燥呈腊黄色
3166	皮肤龟裂
3167	皮肤过度伸展
3168	皮肤过敏
3169	皮肤含铁血黄素沉着
3170	皮肤和软组织感染
3171	皮肤黑斑
3172	皮肤黑变
3173	皮肤花斑样
3174	皮肤花纹
3175	皮肤划线处的风团样损害
3176	皮肤坏死
3177	皮肤或粘膜上附着高锰酸钾结晶
3178	皮肤肌肉增厚、纤维化
3179	皮肤疖痈
3180	皮肤浸润
3181	皮肤皲裂
3182	皮肤老化
3183	皮肤冷而苍白粘腻
3184	皮肤落屑并导致表皮剥脱
3185	皮肤弥漫性红肿
3186	皮肤黏蛋白沉积
3187	皮肤黏膜苍白
3188	皮肤黏膜出血
3189	皮肤黏膜紫斑
3190	皮肤青紫色改变
3191	皮肤轻度糜烂
3192	皮肤轻微创伤即可产生鱼嘴样裂隙
3193	皮肤肉芽肿
3194	皮肤软组织感染
3195	皮肤搔痒
3196	皮肤瘙痒
3197	皮肤色素沉着呈青铜色
3198	皮肤色素加深
3199	皮肤闪电疼痛
3200	皮肤上线状排列的小水疱伴发疼痛
3201	皮肤湿毒
3202	皮肤湿冷
3203	皮肤受累
3204	皮肤水疱，后形成黑色干痂
3205	皮肤撕脱伤
3206	皮肤松弛起皱
3207	皮肤胎痣
3208	皮肤痛
3209	皮肤为金属颜色或石板灰色
3210	皮肤萎缩和色素沉着
3211	皮肤温度升高
3212	皮肤无光泽
3213	皮肤型屈肢症
3214	皮肤血管收缩呈网状图案
3215	皮肤异色症
3216	皮肤硬化
3217	皮肤硬结冷时疼痛热时瘙痒
3218	皮肤油腻
3219	皮肤油脂过多
3220	皮肤有瘙痒抓痕
3221	皮肤有压痕
3222	皮肤瘀斑
3223	皮肤瘀点
3224	皮肤粘膜红紫
3225	皮肤粘膜色素斑
3226	皮肤张力增加
3227	皮肤痣
3228	皮肤逐渐呈暗黑色
3229	皮肤转移
3230	皮肤紫癜
3231	皮肤紫纹
3232	皮肌炎Gottron征
3233	藏毛窦
3234	皮面上针头大小瘙痒点
3235	皮损可呈角样突起
3236	皮损皮黄到橙色
3237	皮损似干燥的灰泥样
3238	皮温降低
3239	皮下沉积所出现的粟粒样结节
3240	皮下结节
3241	皮下静脉呈网状怒张
3242	皮下囊肿
3243	皮下气肿
3244	皮下深部筋膜进行性坏死性感染
3245	皮下血肿
3246	皮下脂肪坏死
3247	皮下脂肪粒
3248	皮下脂肪萎缩
3249	皮下脂肪消失
3250	皮下脂肪增多
3251	皮下指头至鸽蛋大的肿块结节
3252	皮下组织水肿
3253	皮下组织硬结
3254	皮炎
3255	皮疹呈瘀点
3256	皮质醇增多
3257	皮质功能减退
3258	皮质激素升高
3259	皮质激素依赖
3260	皮质胶质增生
3261	皮质滤泡萎缩
3262	皮质素不足
3263	皮质下痴呆
3264	皮质性遗忘症
3265	疲乏
3266	疲劳
3267	啤酒肚
3268	脾大
3269	脾功能亢进
3270	脾气虚
3271	脾肾阳虚
3272	脾湿
3273	脾栓塞
3274	脾萎缩
3275	脾胃不和
3276	脾胃湿热
3277	脾胃虚寒
3278	脾胃虚弱
3279	脾虚
3280	脾阳虚
3281	脾肿大
3282	脾紫癜
3283	偏侧空间忽略症
3284	偏盲
3285	偏盲偏身感觉障碍
3286	偏身肌张力障碍
3287	偏身麻木
3288	偏身萎缩
3289	偏瘫
3290	偏头痛
3291	偏斜骨盆
3292	偏执型人格障碍
3293	偏执性妄想
3294	偏执状态
3295	胼胝体发育不良
3296	贫血
3297	贫血貌
3298	频发房性早搏
3299	频发室性期前收缩
3300	频繁发笑
3301	频繁呕吐及便秘
3302	频繁吐黏液
3303	频繁性惊醒
3304	频繁遗精
3305	频吐白沫
3306	品行障碍
3307	平衡功能障碍
3308	平滑肌痉挛
3309	平卧呼吸困难
3310	迫害妄想
3311	扑翼样震颤
3312	铺路石样变性
3313	葡萄膜炎
3314	普秃
3315	蹼状瘢痕
3316	QRS波宽大畸形
3317	Q-T间期延长
3318	Q角异常
3319	期外收缩
3320	漆裂样纹
3321	奇脉
3322	脐残端有少量黏液或脓性分泌物
3323	脐疮
3324	脐带感染
3325	脐带过短
3326	脐带绕颈
3327	脐轮红肿
3328	脐湿
3329	脐突
3330	脐窝内有肉芽组织增生
3331	脐窝内有樱红色息肉样物
3332	脐血
3333	脐周明显红肿变硬
3334	脐周脓性分泌物较多
3335	脐周疼痛
3336	脐周阵发性绞痛
3337	起搏频率增高
3338	气不摄血
3339	气喘
3340	气道变窄
3341	气道高反应性
3342	气道和食管之间的瘘管
3343	气道陷闭
3344	气短
3345	气腹征
3346	气管处可听到异物冲击的拍击声
3347	气管和纵隔移位
3348	气管间隙形成肿块
3349	气管隆突以上的损伤
3350	中度吸入性损伤
3351	气管受压
3352	气管移位
3353	气管纵隔和心脏向健侧移位
3354	气管阻塞
3355	气过水声
3356	气机不畅
3357	气机失调
3358	气急
3359	气上沖心
3360	气体弥散功能下降
3361	气体弥散障碍
3362	气息异常
3363	气胸
3364	气虚体质
3365	气血凝滞
3366	气血失和
3367	气血虚弱
3368	气压伤
3369	气郁体质
3370	气滞血瘀
3371	器质性精神障碍
3372	器质性木僵
3373	器质性弱视
3374	器质性神经损害
3375	器质性早泄
3376	憩室出血
3377	髂骨角增大
3378	髂窝部疼痛
3379	迁徙性浅静脉血栓形成
3380	迁移性脓肿
3381	牵涉痛
3382	牵涉性头痛
3383	牵引性头痛
3384	铅管样强直
3385	前臂短缩
3386	前臂和腕部的疼痛
3387	前臂及手部肌群的缺血性挛缩
3388	前臂外侧和手指触电样疼痛
3389	前臂外伤后疼痛
3390	前臂细小
3391	前臂旋后功能受限
3392	前臂旋转痛
3393	前臂有旋前畸形
3394	前额及颧骨突出
3395	前额头痛
3396	前额针刺样痛或烧灼感
3397	前房色素沉积
3398	前房下方有红色血平面
3399	前房中肿胀的晶状体皮质颗粒
3400	前列腺肥大
3401	前列腺分泌物含有许多脓缩细胞
3402	前列腺钙化
3403	前列腺结石
3404	前列腺素合成减少
3405	前列腺缩小变硬
3406	前列腺硬结
3407	前列腺增生
3408	前期妊娠反应
3409	前庭反射消失
3410	前庭神经受损
3411	前庭性共济失调
3412	前斜角肌肥厚痉挛
3413	前囟饱满
3414	前囟闭合延迟
3415	前囟张力增高
3416	潜在中毒
3417	浅表淋巴结进行性肿大
3418	浅表淋巴结肿大
3419	浅表性疤痕
3420	浅感觉减退或缺失
3421	浅昏迷
3422	浅筋膜炎
3423	浅静脉有一发红低热的索状物
3424	浅眠
3425	浅棕色斑点
3426	呛咳
3427	强迫侧卧位
3428	强迫蹲位
3429	强迫俯卧位
3430	强迫观念
3431	强迫恐怖症
3432	强迫停立位
3433	强迫行为
3434	强迫型人格障碍
3435	强直性脊柱炎
3436	强迫性联想
3437	强迫性穷思竭虑
3438	强迫性人格
3439	强迫性神经官能症
3440	强迫性体位
3441	强迫性头颈倾斜畸形
3442	强迫性头位
3443	强迫性性行为
3444	强迫性重复
3445	强迫仰卧位
3446	强迫症
3447	强握反射
3448	强笑
3449	强硬舌
3450	强直性肌张力增高
3451	强制性哭笑
3452	强制性思维
3453	蔷薇疹样皮疹
3454	桥脑出血
3455	桥脑梗塞
3456	鞘膜积水
3457	侵蚀性骨破坏
3458	侵蚀性水疱
3459	青春期肥胖
3460	青春期功血
3461	青春期后无精液
3462	青春期甲亢
3463	青春期身体发育缓慢
3464	青春期胸部发育缓慢
3465	青春前期闭经
3466	青春危险期
3467	青光眼斑
3468	青红肤色
3469	青红丘疹
3470	青年白内障
3471	青少年白发
3472	青少年脊柱侧凸
3473	青少年膝痛
3474	青枝骨折
3475	青紫舌
3476	轻度精神发育迟滞
3477	轻度烧伤
3478	轻度痛
3479	轻度中毒
3480	轻瘫
3481	轻压指甲，指头微红状不能马上恢复
3482	倾倒综合征
3483	清晨或上午头痛
3484	清晨早醒且不能再度入睡
3485	情感暴发
3486	情感淡漠
3487	情感倒错
3488	情感高涨
3489	情感麻痹
3490	情感依赖
3491	情景性晕厥
3492	情绪低落
3493	情绪起伏大
3494	情绪性癌症
3495	情绪性多汗症
3496	情绪性腹痛
3497	情绪性感冒
3498	情绪性高血压
3499	情绪性进食
3500	情绪性疲劳
3501	情绪性失眠
3502	情绪性头痛
3503	情绪性胃痛
3504	情绪性哮喘
3505	情绪性厌食
3506	情志内伤
3507	氰化物烧伤及合并中毒
3508	丘脑出血
3509	丘脑下部损害
3510	丘疹
3511	丘疹性痤疮
3512	秋季狂躁症
3513	球蛋白异常
3514	球后溃疡
3515	球后视神经炎
3516	曲棍球棒手
3517	屈光不正性弱视
3518	屈光参差性弱视
3519	屈光介质混浊
3520	屈髋屈膝及外旋畸形
3521	屈曲指
3522	屈伸不利
3523	屈腕屈指无力
3524	屈性截瘫
3525	躯干畸形弯曲
3526	躯体化障碍
3527	躯体或颜面某一局部的连续性抽动
3528	躯体形式疼痛障碍
3529	躯体性疾病所致的精神障碍
3530	躯体依赖性
3531	躯体主诉增多
3532	去大脑强直
3533	去首高血压
3534	去质状态
3535	全腹痛
3536	全身持续性水肿
3537	全身代谢低下
3538	全身感染中毒症状
3539	全身各脏器血流缓慢
3540	全身骨骼肌痉挛
3541	全身骨骼肌收缩
3542	全身过敏反应
3543	全身过敏和发热皮疹关节痛
3544	全身肌张力障碍
3545	全身紧束感
3546	全身毛发呈灰白色
3547	全身弥漫性潮红
3548	全身皮肤充血
3549	全身皮肤粗厚
3550	全身皮肤及粘膜呈现不同程度青紫色
3551	全身皮肤散在黑痣
3552	全身衰竭
3553	全身消瘦型
3554	全身性血管损害
3555	全秃
3556	全血细胞减少
3557	拳状手畸形
3558	醛固酮分泌增多
3559	颧红盗汗
3560	颧面部塌陷
3561	犬吠样咳嗽
3562	缺碘
3563	缺乏深睡眠
3564	缺乏性的兴趣和性活动的要求
3565	缺乏自控能力
3566	缺铁性贫血
3567	缺血性挛缩
3568	缺氧缺血性神经损伤
3569	缺智齿
3570	雀斑
3571	栓状齿
3572	纤维膜包裹
3573	小儿前囟凹陷
3574	颧骨额骨下陷
3575	染色体畸形
3576	桡骨茎突部局限性疼痛
3577	桡骨茎突剧痛
3578	热痱
3579	热结节
3580	热痉挛
3581	热衰竭
3582	热痰口臭
3583	热痛
3584	人格改变
3585	人格解体
3586	人工流产术后出血
3587	人中圆凸
3588	认识能力缺失
3589	认知功能损害
3590	认知功能障碍
3591	认知神经功能丧失
3592	妊高征
3593	妊娠斑
3594	妊娠蛋白尿
3595	妊娠毒血症
3596	妊娠反应
3597	妊娠高血压征
3598	妊娠后期水肿
3599	妊娠期的生理变化
3600	妊娠期高血压
3601	妊娠期急性脂肪肝
3602	妊娠期间甲亢
3603	妊娠期间小便不通
3604	妊娠期胸痛
3605	妊娠期血糖高
3606	妊娠时伴有腹痛的阴道流血
3607	妊娠时持续性腹痛或腰酸腰痛
3608	妊娠时出现的多毛
3609	妊娠时皮肤皱褶处小脓疱
3610	妊娠晚期或临产时无痛性反复阴道流血
3611	妊娠性黄褐斑
3612	妊娠痒疹
3613	妊娠中毒
3614	韧带断裂
3615	韧带骨化
3616	韧带拉伤
3617	韧带扭伤
3618	日常生活能力减退和行为异常
3619	日光照射引起皮肤过敏
3620	日轻夜重的瘙痒
3621	日晒斑
3622	容貌逐渐变得粗笨
3623	容易发生强迫性症状或疑病观念
3624	容易发生青肿
3625	容易激动
3626	容易上火
3627	溶骨性损害
3628	溶酶体酶缺陷
3629	溶血
3630	溶血性黄疸
3631	溶血性贫血
3632	肉芽肿
3633	濡脉
3634	蠕动感
3635	乳白色尿
3636	乳房肥大
3637	乳房和生殖器萎缩
3638	乳房红肿热痛
3639	乳房或乳头未发育
3640	乳房巨大
3641	乳房内光滑质韧的球形肿块
3642	乳房硬化
3643	乳房早发育
3644	乳房胀痛
3645	乳房肿块
3646	乳房组织大块坏死
3647	乳糜尿
3648	乳糜胸
3649	乳酸蓄积过多
3650	乳糖耐受不良
3651	乳痛症
3652	乳头发炎
3653	乳头肥大
3654	乳头肌断裂
3655	乳头皲裂
3656	乳头内陷
3657	乳头破碎
3658	乳头侵蚀
3659	乳头湿疹
3660	乳头样增生变化
3661	乳头溢出血性或棕色浆液性液体
3662	乳头溢液
3663	乳头状肿物
3664	乳突炎
3665	乳腺癌的远处转移
3666	乳腺刺痛
3667	乳腺发育不良
3668	乳腺肥大
3669	乳腺钙化
3670	乳腺内无痛单发的硬肿块
3671	乳腺囊性增生
3672	乳腺随月经出现胀痛
3673	乳腺退化不全
3674	乳腺外上象限腺体增厚
3675	乳腺小叶增生
3676	乳腺隐痛
3677	乳腺胀痛
3678	乳腺组织肥厚
3679	乳溢一高泌乳素血症
3680	乳晕深部可扪及肿块
3681	乳汁分泌减少
3682	乳汁淤积
3683	乳汁郁结
3684	入球小动脉玻璃样变
3685	入睡幻觉
3686	入睡困难
3687	入睡障碍性失眠
3688	软产道裂伤
3689	软产道异常
3690	软腭浅表溃疡
3691	软腭疼痛
3692	软腭有疤痕
3693	软腭运动不对称
3694	软骨内骨化
3695	软组织感染
3696	软组织肿胀
3697	弱脉
3698	弱视眼的拥挤现象
3699	蜕膜残留
3700	“三怕”(水声、光、风)现象
3701	“三偏”症
3702	SM累积量升高
3703	面部水肿
3704	腮腺区肿大
3705	腮腺无痛性肿块
3706	腮腺肿大
3707	腮腺肿胀
3708	三凹征
3709	三叉神经分布区麻木感
3710	三叉神经一二支分布区域疼痛
3711	三峰热型
3712	三尖瓣脱垂
3713	三尖瓣狭窄
3714	三尖瓣下移
3715	三角肌疼痛
3716	三角韧带损伤
3717	三角头畸形
3718	三联征
3719	散脉
3720	嗓音粗
3721	丧偶后适应性障碍
3722	瘙痒
3723	色汗
3724	色觉丧失
3725	色觉异常
3726	色情行为
3727	色素斑
3728	色素沉着与色素减退
3729	色素脱失
3730	色素性胆结石
3731	色素性皮损
3732	色素异常
3733	涩脉
3734	傻笑
3735	筛窦泪囊瘘
3736	闪电样痛
3737	闪回
3738	疝区的疼痛或坠胀感
3739	伤寒面容
3740	伤口感染
3741	伤口形成一个搏动性肿块
3742	伤口愈合发痒
3743	上半身代偿性多汗症
3744	上半身肥胖型
3745	上半身热刺激性多汗
3746	上半身消瘦，下半身肥胖
3747	上臂短于前臂，小腿短于大腿
3748	上唇变薄
3749	上唇肥厚
3750	上唇附近，鼻旁沟和眼睑的丘疹或结节
3751	上唇疖肿
3752	上肺纤维化明显
3753	上腹壁的中央线缺损
3754	上腹不适
3755	上腹部包块
3756	上腹部疼痛
3757	上腹部肿块及腹胀
3758	上腹及腰背部有“束带感”
3759	上腹弥漫性压痛
3760	上腹囊性肿块
3761	上呼吸道和口腔存在大量定植菌
3762	上呼吸道卡他症状
3763	上呼吸道粘膜刺激症状
3764	上睑黄白色小点
3765	上睑下垂
3766	上颈髓区病变
3767	上列牙痛
3768	上尿路结构和功能损害
3769	上腔静脉回流受阻
3770	上台阶困难
3771	上消化道出血
3772	上行性皮肤麻木
3773	上眼睑增厚松弛
3774	上肢半屈状
3775	上肢呈迟缓性麻痹
3776	上肢及肩向下牵引或手拿重物时疼痛
3777	上肢及面部血管曲张、水肿及青紫
3778	上肢麻木
3779	上肢水肿
3780	上肢突然出现肿胀酸痛
3781	上肢外展上举困难
3782	上肢无力
3783	上肢周围性瘫痪
3784	烧伤创面暗灰或黑色的坏死斑
3785	烧伤创面苍白或焦黄炭化
3786	烧伤创面淡黄色粘稠分泌物
3787	烧伤创面粪臭味分泌物
3788	烧伤创面焦痂提前潮解、脱落或出现虫咬样变化
3789	烧伤创面浅咖啡色稀薄分泌物
3790	烧伤创面甜腥气味的粘稠分泌物
3791	烧伤后恶心与呕吐
3792	烧伤后口渴
3793	烧伤后脉搏增速
3794	烧伤后尿量减少
3795	烧心
3796	烧灼性疼痛
3797	少儿脊柱侧凸
3798	少尿
3799	舌背中后部黑色丛毛
3800	舌齿龈疼痛性粟粒至水疱
3801	舌淡体胖
3802	舌干苔厚
3803	舌根部脓肿
3804	舌骨区有肿胀压痛
3805	舌肌麻痹
3806	舌肌萎缩
3807	舌口及咽部烧灼感
3808	舌两侧边缘毛状白斑
3809	舌轻度外吐
3810	舌乳头消失
3811	舌乳头增生
3812	舌苔薄白
3813	舌苔发黑
3814	舌苔厚腻
3815	舌苔黄
3816	舌体大且表面有沟纹
3817	舌体肥大
3818	舌体深裂
3819	舌痛
3820	舌头上有长时间不愈溃疡
3821	舌头震颤
3822	舌位于口腔底不能外伸
3823	舌无力且不能随意伸缩回旋
3824	舌下垂
3825	舌型骨折
3826	舌咽神经损伤
3827	舌咽神经痛或其他内脏病引起的晕厥
3828	舌炎
3829	舌咬伤
3830	舌运动受限
3831	舌震颤
3832	舌质红绛
3833	社交恐惧
3834	社交敏感性障碍
3835	射精疼
3836	伸臂握手疼痛
3837	伸舌偏斜
3838	伸舌样痴呆
3839	伸膝障碍
3840	伸指无力
3841	身体“福态”
3842	身体变形障碍
3843	身体的低垂部位水肿
3844	身体下部短于上部
3845	身体摇晃征
3846	身痛
3847	呻吟
3848	深部性头痛
3849	深侧鼻塞
3850	深痱
3851	深感觉障碍
3852	深黄色或带绿色的水样便
3853	深昏迷
3854	深睡眠症
3855	神经干断裂
3856	神经根刺激
3857	神经根激惹症状
3858	神经根损伤
3859	神经官能症状
3860	神经肌肉症状
3861	神经伤
3862	神经失用
3863	神经束内神经纤维损伤
3864	神经束损伤断裂
3865	神经衰弱综合症
3866	神经疼痛
3867	神经痛
3868	神经纤维过度生长
3869	神经性耳聋
3870	神经性耳鸣
3871	神经性尿频
3872	神经性呕吐
3873	神经性头痛
3874	神经性胃痛
3875	神经性厌食
3876	神经元移行异常
3877	神经症性反应
3878	神经症性抑郁
3879	神经质性格
3880	神志不清
3881	神志淡漠
3882	神志恍惚
3883	神志模糊
3884	肾包膜过度膨胀
3885	肾病性浮肿面容
3886	肾病综合征
3887	肾部积水现象
3888	肾动脉狭窄
3889	肾动脉硬化
3890	肾动脉阻塞
3891	肾钙化
3892	肾功能衰竭
3893	肾后性肾衰
3894	肾间质受损
3895	肾间质水肿
3896	肾间质纤维化
3897	肾结石
3898	肾内动脉变细或阻塞
3899	肾浓缩功能障碍
3900	肾脓肿
3901	肾皮质坏死
3902	肾气虚
3903	肾前性肾功能不全
3904	肾区钝痛
3905	肾区叩击痛
3906	肾区压痛
3907	肾区压痛和叩痛
3908	肾缺血
3909	肾乳头及肾盂出血
3910	肾上腺皮质激素不足
3911	肾上腺皮质良性男性化现象
3912	肾上腺危象
3913	肾上腺中毒
3914	肾上腺转移
3915	肾衰竭
3916	肾栓塞
3917	肾损害
3918	肾外梗阻
3919	肾无功能
3920	肾小动脉有纤维梗死
3921	肾小管坏死
3922	肾小管酸化功能障碍
3923	肾小管萎陷
3924	肾小管细胞受损后炎症
3925	肾小管重吸收障碍
3926	肾小球基底膜蛾噬现象
3927	肾小球滤过率下降
3928	肾小球内“三高”
3929	肾小球旁器增生
3930	肾小球体积增大
3931	肾小球硬化
3932	肾小球有病理形态改变
3933	肾性骨质软化
3934	肾性尿崩
3935	肾性糖尿
3936	肾血管畸形
3937	肾阳虚
3938	肾异位伴随输尿管异位
3939	肾阴虚
3940	肾阴阳两虚
3941	肾盂积水
3942	肾源性水肿
3943	肾脏破裂
3944	肾脏受累
3945	肾脏缩小
3946	肾盏变钝
3947	肾盏结石
3948	渗出性胸水
3949	升主动脉根部环状缩窄
3950	生长过快
3951	生长缓慢
3952	生长激素分泌过多
3953	生长激素分泌过少
3954	生化妊娠
3955	生理盲点扩大
3956	生理性闭经
3957	生理性肥胖
3958	生理性腹泻
3959	生理性黄疸
3960	生理性萎缩
3961	生理性厌食
3962	生理性震颤
3963	生理性醉酒
3964	生命体征改变
3965	生殖泌尿道危象
3966	生殖器外伤
3967	声带肥厚
3968	声带老化
3969	声带麻痹
3970	声带萎缩
3971	声调似小孩
3972	声门短而窄
3973	声门水肿
3974	声门以上的损伤
3975	声门运动障碍
3976	声音变低
3977	声音嘶哑
3978	声音异常
3979	失读
3980	失眠
3981	失钠多于失水且血清钠浓度低
3982	失钠性昏迷
3983	失水
3984	失水多于失钠且血清钠浓度高
3985	失血过多
3986	失血过多后贫血
3987	失盐
3988	失音
3989	失用步态
3990	失用性综合征
3991	湿咳
3992	湿啰音
3993	湿性坏疽
3994	湿性脚气
3995	湿脚气
3996	湿性体质
3997	湿疹
3998	十二指肠高度扩张
3999	十二指肠扩张
4000	十二指肠狭窄
4001	十二指肠有切迹或狭窄
4002	石骨症
4003	实火
4004	实脉
4005	食道病变
4006	食道粘膜水肿充血
4007	食管闭锁
4008	食管壁纤维化
4009	食管出血
4010	食管对称性膨大
4011	食管恶性病变
4012	食管反流症状
4013	食管梗阻
4014	食管间隙形成肿块
4015	食管痉挛
4016	食管溃疡
4017	食管扩张
4018	食管瘘
4019	食管黏膜呈管型剥脱
4020	食管气管瘘
4021	食管腔梗阻
4022	食管腔狭窄
4023	食管蠕动差扩张及梨状窝钡剂滞留
4024	食管蠕动功能减弱
4025	食管体平滑肌部分蠕动停止
4026	食管下段静脉曲张
4027	食管下括约肌张力下降
4028	食管重复
4029	食管左壁形成压足跡
4030	食积口臭
4031	食量增加
4032	食毛后导致的胃肠道症状
4033	食物返流至鼻腔
4034	食物过敏
4035	食物误入气道
4036	食物下咽时颈部有气过水声感
4037	食物在胃的通过障碍
4038	食欲不振
4039	食欲减退
4040	食欲较差
4041	食欲缺乏
4042	食欲下降
4043	食欲异常
4044	食指半月甲呈粉红色
4045	食指不明原因疼痛
4046	食指感觉消失
4047	食指和中指僵硬痛麻
4048	食指指甲凹陷
4049	始基子宫
4050	始于眼部，扩张开来的面头痛
4051	视近不能持久
4052	视近困难
4053	视觉失认
4054	视觉识别障碍性眩晕
4055	视空间功能受损
4056	视力常呈雾状模糊感
4057	视力视野改变
4058	视力障碍
4059	视盘倾斜
4060	视乳头水肿
4061	视神经的原发性萎缩
4062	视神经乳头苍白
4063	视神经萎缩
4064	视网膜Roth斑
4065	视网膜出血
4066	视网膜动脉阻塞
4067	视网膜静脉纡曲怒张
4068	视网膜水肿
4069	视网膜脱离
4070	视物变小
4071	视物变形
4072	视野缺损
4073	视野缩小
4074	视野向心性缩小
4075	室颤
4076	室颤阈值降低
4077	室间隔缺损
4078	室上性心律失常
4079	室性早搏
4080	嗜红细胞综合征
4081	嗜酒
4082	嗜酒性幻觉性精神错乱
4083	嗜睡
4084	嗜酸细胞增加
4085	嗜酸性粒细胞增多
4086	嗜心性病毒感染
4087	嗜盐
4088	收缩期反流性杂音
4089	收缩期和舒张期杂音
4090	收缩期杂音
4091	收缩期震颤
4092	收缩压下降
4093	收缩早期喀喇音
4094	手、足部厚壁水疱
4095	手背部皮肤发红肿胀
4096	手臂肌肉拉伤
4097	手臂肌肉萎缩
4098	手变短
4099	手表皮深处的水疱
4100	手部功能完全丧失
4101	手部急性化脓性感染
4102	手部震颤
4103	手抽筋
4104	手唇震颤
4105	手的搓丸样动作
4106	手的歪扭畸形
4107	手冻伤
4108	手机依赖症
4109	手肌肉萎缩
4110	手脚冰凉
4111	手凉
4112	手麻
4113	手内肌萎缩
4114	手皮肤发紫
4115	手热
4116	手上有小水泡
4117	手势性自动症
4118	手术创伤
4119	手术后破伤风
4120	手术时伤口不再出血
4121	手酸
4122	手套或短袜子式浅、深感觉障碍
4123	手脱皮
4124	手腕部米粒大小硬如软骨的包块
4125	手腕长骨刺
4126	手腕在大拇指侧的疼痛
4127	手腕肿痛及掌屈活动受限
4128	手握物无力
4129	手无力不自觉的丢落持物
4130	手下垂时皮肤呈灰蓝色
4131	手小形方
4132	手与手指胀满感
4133	手掌疤痕畸形
4134	手掌呈黑色
4135	手掌呈黄色
4136	手掌和足底角化伴多汗
4137	手掌及足底发红
4138	手掌及足趾皮肤过度角化
4139	手掌软硬度异常
4140	手掌硬性水肿
4141	手震颤
4142	手指不能屈伸
4143	手指冻肿
4144	手指发绀或坏死
4145	手指发僵疼痛
4146	手指和足趾无痛性软组织肿块
4147	手指或手臂部刺痛及麻木感
4148	手指甲没有白色月牙
4149	手指甲有白色斑点
4150	手指甲周围起皮
4151	手指尖痛或触痛
4152	手指麻痛
4153	手指末端持续对称性刺痛麻木
4154	手指扭伤
4155	手指痛风
4156	手指歪斜
4157	手指香肠型
4158	手指小关节痛肿
4159	手指撞伤
4160	手足多汗
4161	手足发抖
4162	手足皲裂
4163	手足麻木
4164	手足脱皮
4165	受伤后易产生瘢痕
4166	书写痉挛
4167	梳头或洗头时头发脱落增加
4168	舒张期奔马律
4169	舒张期哈气样杂音
4170	舒张期震颤
4171	舒张晚期奔马律
4172	舒张压上升
4173	输精管变粗
4174	输精管堵塞
4175	输精管疼痛
4176	输卵管粘连
4177	输卵管肿大
4178	输卵管肿块
4179	输尿管梗阻
4180	输尿管间脊肥大
4181	输尿管痉挛
4182	输尿管扩张
4183	输尿管囊肿
4184	输尿管疼痛
4185	输尿管狭窄
4186	输尿管向心偏移
4187	输乳管阻塞
4188	鼠尾征
4189	鼠疫样皮损
4190	术后发热
4191	术后腹胀
4192	术后急性精神障碍
4193	术后疼痛
4194	束臂试验阳性
4195	数脉
4196	数目较多的咖啡牛奶斑
4197	刷牙出血
4198	衰老加快
4199	衰弱
4200	栓塞性肾炎
4201	双侧睑外翻
4202	双侧肾内痛
4203	双侧肾上腺皮质增生
4204	双侧手足徐动
4205	双侧下腹坠痛
4206	双耳廓发育不全
4207	双耳廓缺损
4208	双肺的吸气爆裂音
4209	双肺水泡音
4210	双颊凹陷呈猴腮状
4211	双胫对称发生梅核大小疼痛性结节
4212	双眉间长痘
4213	双乳间距增宽
4214	双上眼睑的水肿性紫红色斑
4215	双肾弥漫性病变
4216	双肾皮质变薄
4217	双手活动软弱无力
4218	双手轮替动作笨拙
4219	双手震颤
4220	双胎静脉吻合
4221	双吸气
4222	双下肢可凹陷性水肿
4223	双下肢突然性瘫痪
4224	双相型体温
4225	双眼Bell现象不对称
4226	双眼抽搐
4227	双眼眶距宽
4228	双眼难以忍受的奇痒
4229	双眼向上凝视
4230	双掌猿线出现率增加和atd角增大
4231	双足红肿热痛
4232	水、钠潴留性肥胖症
4233	水冲脉
4234	水痘结痂
4235	水痘样皮疹
4236	水咳
4237	水母头征
4238	水钠的蓄积
4239	水泡
4240	水泡性烧伤
4241	水疱或大疱损害
4242	皮肤水疱或大疱损害
4243	水平掌褶纹(通贯手)
4244	水泻伴低血钾
4245	水盐代谢障碍
4246	水样便
4247	水中毒
4248	水中毒性昏迷
4249	水肿
4250	水肿伴蛋白尿
4251	水肿伴呼吸困难、紫绀
4252	水潴留
4253	睡过之后精力没有恢复
4254	睡后手指出现麻木或烧灼痛而致醒
4255	睡觉背部酸痛
4256	睡觉后全身大汗淋漓
4257	睡觉流口水
4258	睡觉时突然抽搐一下
4259	睡觉时小腿抽筋
4260	睡觉时心跳加快
4261	睡眠猝死
4262	睡眠过度
4263	睡眠呼吸暂停
4264	睡眠唤醒反应
4265	睡眠节律紊乱
4266	睡眠-觉醒时间程序的障碍
4267	睡眠麻痹
4268	睡眠时间倒错
4269	睡眠时睑闭合不全
4270	睡眠障碍
4271	睡眠中周期性腿动
4272	睡瘫症
4273	睡行症
4274	顺行性遗忘
4275	说话带鼻音
4276	说话时字词不能连续
4277	思考困难感
4278	思虑伤脾
4279	思维奔逸
4280	思维不连贯
4281	思维缓慢
4282	思维解体
4283	思维控制异常
4284	思维黏滞
4285	思维贫乏
4286	思维破裂
4287	思维松弛
4288	思维紊乱
4289	思维中断
4290	撕脱骨折
4291	死产
4292	死骨
4293	死精子过多
4294	死胎
4295	四边孔处的局限压痛
4296	四叠体受压
4297	四音心律
4298	四肢长骨和肌肉无规律的酸痛
4299	四肢呈对称性下运动神经元性瘫痪
4300	四肢抽搐
4301	四肢电击感
4302	四肢对称性软瘫
4303	四肢发冷
4304	四肢肌张力增强
4305	四肢畸形
4306	四肢近端肌肉和呼吸麻痹
4307	四肢麻木
4308	四肢屈侧出现橘皮样外观
4309	四肢湿冷
4310	四肢酸痛无力
4311	四肢苔藓样变
4312	四肢瘫痪
4313	四肢无力
4314	四肢血压脉搏不对称
4315	四肢远端麻木、疼痛或异样感觉
4316	四肢震颤
4317	松果体钙化移位
4318	松果体区占位病变
4319	耸肩喘息
4320	诉讼狂
4321	速脉
4322	粟粒样丘疹
4323	酸烧伤
4324	髓核脱水
4325	髓鞘化延迟
4326	髓性纤维化
4327	髓样癌变
4328	髓质海绵肾
4329	髓质增生
4330	缩瞳、眼睑下垂及眼球内陷
4331	缩窄性心包炎
4332	锁骨上的搏动性肿块
4333	锁骨上及前斜角肌淋巴结肿大
4334	锁合畸形
4335	胎儿窘迫
4336	胎儿生长发育迟缓
4337	言语功能的部分丧失
4338	阴囊瘙痒
4339	胎儿宫内骨折
4340	Todd瘫痪（遗留暂时性局部肢体的瘫痪或无力）
4341	T波低平或倒置
4342	弹钢琴指(趾)征
4343	胎动改变
4344	胎动过频
4345	胎动频繁
4346	胎儿不完全臀先露
4347	胎儿单臂先露
4348	胎儿宫内发育迟缓
4349	胎儿宫内窒息
4350	胎儿酒精综合征
4351	胎儿水肿
4352	胎儿心动过缓
4353	胎粪污染
4354	胎毛多
4355	胎膜破裂
4356	胎膜早破
4357	胎盘大
4358	胎盘钙化
4359	胎盘老化
4360	胎盘母体面上有凝血块及压迹
4361	胎盘前置
4362	胎盘血液灌注不良
4363	胎盘早剥
4364	胎盘植入
4365	胎盘滞留宫腔
4366	胎势异常
4367	胎位不正
4368	胎位异常
4369	胎心不规则
4370	胎心率改变
4371	胎心率异常
4372	胎心音消失（无胎心音）
4373	胎样心音
4374	胎痣
4375	抬肩以助呼吸
4376	抬举性搏动
4377	苔黄腻
4378	太阳穴痛
4379	太阳穴胀痛
4380	贪食
4381	贪食行为
4382	瘫痪
4383	痰呈白色黏稠胶冻状
4384	痰呈粘液脓性
4385	痰检或可找到丝状蚴
4386	痰检阴性
4387	痰鸣音
4388	痰黏稠或脓性可有腥臭味
4389	痰湿体质
4390	痰饮
4391	痰有恶臭味
4392	痰中带血丝
4393	痰中或可找到蛔蚴或虫卵
4394	叹气后舒服
4395	叹息样呼吸
4396	糖代谢紊乱
4397	糖类皮质激素分泌过多
4398	糖类皮质激素分泌过少
4399	糖耐量降低
4400	糖尿
4401	糖尿病皮肤病变
4402	糖尿病酮症酸中毒
4403	烫伤
4404	烫伤后汗腺受损
4405	烫伤水泡破了
4406	陶奇感染
4407	陶瑟征阳性
4408	特别容易饿
4409	特禀体质
4410	特发性水肿
4411	特殊面痣
4412	特异性氨基酸尿
4413	特征性回归热
4414	特征性趾端大片状脱皮
4415	特重烧伤
4416	疼痛弧征
4417	疼痛性股白肿
4418	疼痛性股青肿
4419	锑性皮炎
4420	体肺循环栓塞
4421	体毛脱落
4422	体内水钠潴留
4423	体位性眩晕
4424	体位性震颤
4425	体位张力消失
4426	体温调节紊乱
4427	体温过低
4428	体象障碍
4429	体型异常
4430	体癣
4431	体循环淤血
4432	体液外渗
4433	体液潴留
4434	体重减轻
4435	体重增加
4436	挑剔嘴
4437	铁锈色痰
4438	听不懂别人及自己说的话
4439	听骨畸形
4440	听觉过敏
4441	听觉疲劳
4442	听觉障碍
4443	听力减退
4444	听力缺陷
4445	听力下降
4446	听阈上升
4447	停经
4448	停经并溢乳
4449	停经过早
4450	停止排气
4451	通贯掌
4452	同位素32磷吸收试验阳性
4453	同向偏盲
4454	同向性偏盲
4455	童样痴呆
4456	酮尿
4457	酮症酸中毒
4458	瞳孔变白
4459	瞳孔变形
4460	瞳孔不对称
4461	瞳孔出现黄白色反光
4462	瞳孔大小不等
4463	瞳孔固定
4464	瞳孔两侧不等大
4465	瞳孔如锯齿或梅花状
4466	瞳孔异常
4467	瞳孔缘色素外翻
4468	瞳孔中能见到白色反光
4469	瞳子高
4470	桶状胸
4471	痛风结节
4472	痛经
4473	痛觉与温度觉减退而压觉存在
4474	痛性红舌
4475	痛性溃疡和渗出恶臭的黄绿色脓液
4476	痛性脸抽搐
4477	痛性阴茎勃起
4478	痛阈降低
4479	头部呈钝痛，无搏动性
4480	头部及眼后部疼痛并能听到连续不断的隆隆声
4481	头部偏向一侧做扭转运动
4482	头部震颤
4483	头部撞伤
4484	头沉
4485	头大畸形
4486	头顶重压发紧
4487	头发淡黄色
4488	头发分叉
4489	头发枯黄稀疏
4490	头昏
4491	头昏想睡觉
4492	头昏眼花
4493	头或颈部发胀及跳动感
4494	头颈部活动受限
4495	头颈部剧痛
4496	头颈分离感
4497	头颅骨病变
4498	头颅向上生长呈塔形
4499	头颅增大
4500	头目晕沉
4501	头盆不称
4502	头皮不规则裂口
4503	头皮触痛
4504	头皮坏死
4505	头皮结痂
4506	头皮平直裂口
4507	头皮瘙痒剧烈并有血痂
4508	头皮撕裂伤
4509	头皮撕脱伤
4510	头皮松垂
4511	头皮下血肿
4512	头皮屑多
4513	头皮血肿
4514	头皮痒
4515	头跳痛
4516	头痛
4517	头痛并呕吐
4518	头痛为搏动性
4519	头摇
4520	头晕
4521	头胀
4522	头枕部慢性疼痛
4523	头重足轻
4524	投掷动作(颤搐)
4525	透明血管型
4526	凸腭
4527	凸甲
4528	突发、无痛的局部水肿
4529	突发的右侧心衰
4530	突发的左心衰竭
4531	突发性绞痛
4532	突发性疼痛
4533	突发性右上腹绞痛
4534	突肤挺胸
4535	突然出现剧烈的腰痛
4536	突眼症
4537	图形定向障碍
4538	吐白沫痰
4539	吐弄舌
4540	吐酸
4541	兔唇
4542	推髌抗阻痛
4543	腿脚抽筋
4544	腿脚浮肿
4545	腿前内侧出现感觉异常
4546	腿外侧质软、半球形、界限清的弹性包块
4547	腿外侧质软半球形包块
4548	退离休综合症
4549	蜕膜反应
4550	褪黑色素增多
4551	吞气
4552	吞酸
4553	吞咽发呛
4554	吞咽干食物时胸骨后有阻塞感或钝痛
4555	吞咽困难
4556	吞咽时发生晕厥
4557	吞咽时胸痛
4558	吞咽痛
4559	吞咽障碍
4560	臀部放射痛
4561	臀部可触及上移的股骨头
4562	臀部闪电疼痛
4563	臀部酸痛
4564	臀部疼痛
4565	臀产式
4566	臀沟内似夹着异物样的难受及不愉快感
4567	臀沟下垂状跛行步态
4568	臀沟展平和下垂
4569	臀肌挛缩
4570	臀肌萎缩
4571	臀中肌麻痹步态
4572	臀中肌损伤
4573	脱发
4574	脱肛
4575	脱皮
4576	脱水
4577	脱水热
4578	脱髓
4579	脱症
4580	驼背
4581	唾液分泌增多
4582	唾液及汗液减少
4583	唾液腺肿大
4584	站立久后的浮肿
4585	“5P”征
4586	毛发色淡而呈棕色
4587	挖鼻孔
4588	挖耳出血
4589	蛙形腹
4590	蛙状鼻
4591	歪鼻
4592	歪斜指
4593	外耳道疼痛
4594	外耳道狭窄
4595	外耳道癣
4596	外斐氏试验阴性
4597	外踝呈现凹陷
4598	外踝前下方肿胀和疼痛
4599	外貌苍老
4600	外伤性出血
4601	外伤性低位截瘫
4602	外伤性遗忘症
4603	外斜A征
4604	外斜V征
4605	外眼源性眩晕
4606	外阴白斑
4607	外阴呈幼稚型无阴毛
4608	外阴溃疡
4609	外阴鳞状上皮疣状增生
4610	外阴皮肤肿胀
4611	外阴烧灼刺激感
4612	外阴损伤
4613	外阴痛
4614	外阴萎缩
4615	外阴下坠感
4616	外阴压痛
4617	外阴幼稚
4618	外阴肿胀
4619	外展型骨折
4620	外周静脉充勇
4621	外周围血淋巴细胞浆有空泡
4622	外周血管减少
4623	关节僵硬
4624	弯腰时腰痛
4625	完全流产
4626	完全性遗忘症
4627	顽固性便秘
4628	顽固性呃逆
4629	顽固性肥胖
4630	顽固性高血压
4631	顽固性口腔溃疡
4632	顽固性失眠
4633	顽固性疼痛
4634	顽固性头痛
4635	顽固性心功能不全
4636	晚发月经
4637	晚上睡觉出冷汗
4638	晚霞样或夕照样眼底
4639	脘痞
4640	腕背侧或掌侧的脓肿或窦道
4641	腕部疼痛
4642	腕部肿胀压痛
4643	腕骨发育不全变形及掌骨呈棒状改变
4644	腕关节结节样的突起
4645	腕关节内积血及活动受限
4646	腕关节囊状的突起
4647	腕关节扭挫伤
4648	腕关节桡侧部位的疼痛
4649	腕关节向尺侧偏斜时桡侧出现剧痛
4650	腕关节圆形的软包块
4651	腕管综合征
4652	腕枪刺状畸形
4653	腕下垂
4654	腕银叉状畸形
4655	腕征
4656	网络依赖
4657	网络综合症
4658	网膜囊肿扭转
4659	网球肘
4660	网眼样痴呆
4661	网状青斑
4662	网状青斑和坏疽
4663	网状色素沉着斑
4664	忘性大
4665	望诊无明显心前区搏动
4666	微量元素缺少
4667	微脉
4668	微血管溶血性贫血
4669	微血管心绞痛
4670	微循环灌注不良
4671	微循环障碍
4672	微炎症状态
4673	韦氏环
4674	围产期心肌病变
4675	违拗症
4676	维生素B12吸收不良
4677	维生素B1缺乏
4678	维生素B族缺乏
4679	维生素C缺乏
4680	维生素D缺乏
4681	维生素D中毒
4682	维生素E缺乏
4683	维生素K缺乏
4684	维生素缺乏
4685	尾部疼痛而拒坐
4686	尾部中线有细小凹坑但无任何感觉
4687	尾骶部疼痛
4688	尾骨压痛及异常活动
4689	萎缩性痤疮
4690	猥亵行为
4691	未分化躯体形式障碍
4692	位置觉、震动觉减退
4693	味觉减退
4694	畏光
4695	畏光及流泪
4696	畏寒
4697	畏热
4698	胃壁肌层缺损
4699	胃壁僵硬
4700	胃部隐痛
4701	胃肠道出血
4702	胃肠道功能不好
4703	胃肠道排空表现
4704	胃肠道淤血
4705	胃肠道胀气
4706	胃肠道症状
4707	胃肠动力差
4708	胃肠感冒
4709	胃肠功能不良
4710	胃肠扩张与脱肛
4711	胃肠淋巴回流受阻
4712	胃肠气胀
4713	胃肠粘膜的通透性增高
4714	胃丢失蛋白
4715	胃窦动力低下
4716	胃窦狭窄
4717	胃寒疼痛
4718	胃火
4719	胃火口臭
4720	胃痉挛
4721	胃镜下表现出广泛黏膜红斑
4722	胃扩张
4723	胃慢性出血
4724	胃糜烂
4725	胃内翻腾或搅拌感
4726	胃内压增加
4727	胃内有异物
4728	胃纳差症状
4729	胃纳减退
4730	胃黏膜充血水肿
4731	胃扭转梗阻症状
4732	胃排空过快
4733	胃排空延缓
4734	胃气虚
4735	胃嵌顿
4736	胃区包块
4737	胃热疼痛
4738	胃容纳性减弱
4739	胃石形成
4740	胃食管反流症状
4741	胃酸过多
4742	胃酸减少
4743	胃酸缺乏
4744	胃痛
4745	胃脘饱胀
4746	胃危象
4747	胃移位
4748	胃阴虚
4749	胃粘膜呈萎缩性改变
4750	胃粘膜充血
4751	胃粘膜损伤
4752	胃粘膜脱垂
4753	胃粘膜增粗
4754	胃重复畸形
4755	胃灼热
4756	喂食困难
4757	温结节
4758	温觉丧失
4759	温醒现象
4760	蚊虫刺咬炎症
4761	吻合口并发症
4762	卧床不起
4763	握力减退
4764	无胆汁粪便
4765	无动性缄默
4766	无法数清每分钟脉搏次数
4767	无法引出moro反应
4768	无睾丸
4769	无宫缩间歇
4770	无故发笑
4771	无汗腺导管角质护膜分化
4772	无胡须
4773	无胡须腋毛和阴毛
4774	无活动性结核病灶
4775	无晶状体眼
4776	无菌性赘生物
4777	无力
4778	无脉症
4779	无名指半月甲呈粉红色
4780	无名指不明原因疼痛
4781	无名指指甲凹陷
4782	无目的咀嚼舐唇
4783	无能力感
4784	无尿
4785	无瘙痒，无肝胆疾病的皮肤黄染
4786	无痛性口腔溃疡
4787	无痛性尿血
4788	无痛性阴囊内肿块
4789	无痛性硬实结节
4790	无羞惭感
4791	无嗅脑
4792	无腋毛
4793	无用感
4794	无欲-运动不能-意志缺乏综合征
4795	无月经来潮
4796	无运动或感觉障碍的运用不能
4797	无症状型溃疡
4798	无症状性菌尿
4799	无助感
4800	五志化火
4801	舞蹈病样动作
4802	舞蹈样不自主运动
4803	舞蹈样步态
4804	舞蹈样手足徐动
4805	雾视
4806	心胃的奇怪感觉
4807	婴儿需要较大量的维生素B6
4808	X型腿
4809	XA-现象
4810	XV-现象
4811	X-现象
4812	杵状指（趾）
4813	儿童胸廓变形
4814	鳞屑样痂皮
4815	湿疣
4816	室性自主节律
4817	微血栓形成
4818	夕阳综合征
4819	吸气困难
4820	吸气时鼻腔阻塞
4821	吸气时出现连枷胸
4822	吸气时上气道陷闭
4823	吸气时胸口痛
4824	吸气时有蝉鸣音
4825	吸入综合征
4826	吸收不良综合征
4827	吸吮反射消失
4828	吸吮反射阳性
4829	吸烟胸痛
4830	息肉
4831	息肉样损害
4832	硒缺乏
4833	稀便
4834	膝、踝反射减退
4835	膝盖长骨刺
4836	膝盖扭伤
4837	膝盖砸伤肿痛
4838	膝盖撞伤
4839	膝关节不能完全伸直
4840	膝关节积液
4841	膝关节间隙弹响和疼痛
4842	膝关节内侧肿胀青紫，局部剧痛
4843	膝关节软弱无力
4844	膝关节疼痛
4845	膝关节肿大
4846	膝关节肿胀积血
4847	膝后疼痛
4848	膝后肿胀疼痛，活动受限
4849	膝及小腿部有广泛的瘀血斑
4850	膝腱反射消失
4851	膝内翻
4852	膝内翻膝外翻或髋内翻
4853	膝前疼痛
4854	习惯性便秘
4855	习惯性腹泻
4856	习惯性流产
4857	习惯性尿裤
4858	习惯性脱臼
4859	习惯性下巴脱臼
4860	喜凉怕热
4861	喜怒无常
4862	系统性血管炎
4863	细胞感染增大
4864	细胞色素C氧化酶缺乏症
4865	细胞外液减少
4866	细胞外液渗透压增高
4867	细菌的混合感染
4868	细菌感染
4869	细菌性心内膜炎
4870	细颗粒管型
4871	细网状到斑片状的色素沉着
4872	细小黄色瘤状皮疹
4873	狭窄骨盆
4874	狭窄杂音
4875	下巴长痘
4876	下巴关节疼
4877	下半身无汗或少汗
4878	下半身消瘦型
4879	下背部僵硬和疼痛
4880	下背部酸痛
4881	下鼻甲或中鼻甲肥大
4882	下垂肩
4883	下垂乳房
4884	下唇麻木
4885	下唇微痒增大如蚕茧硬结
4886	下唇肿胀外翻
4887	下蹲困难
4888	下肺代偿性气肿
4889	下腹部包块
4890	下腹部钝痛和酸胀感
4891	下腹部反跳痛
4892	下腹部压痛
4893	下腹绞痛
4894	下腹局部疼痛
4895	下腹剧痛并渐向腹中线扩散
4896	下腹疼痛
4897	下腹痛
4898	下腹胀痛
4899	下腹坠痛
4900	下腹坠胀
4901	下颌后缩
4902	下颌角外翻
4903	下颌前突
4904	下睑外翻
4905	下腔静脉血栓形成
4906	下丘脑损害
4907	下身肥胖
4908	下消化道少量出血
4909	下腰部疼痛
4910	下肢呈剪刀步态
4911	下肢的感觉，肌力，神经异常
4912	下肢动作沉重，高抬足，重落地
4913	下肢短缩
4914	下肢发凉
4915	下肢放射痛
4916	下肢负重障碍
4917	下肢感应痛或放射痛的腰背痛
4918	下肢红斑结节
4919	下肢或周身软瘫
4920	下肢肌肉瘫痪
4921	下肢久立时出现膨胀性剧烈疼痛
4922	下肢弥漫性水肿
4923	下肢皮肤营养性改变
4924	下肢浅静脉曲张
4925	下肢神经性疼痛
4926	下肢湿性坏疽
4927	下肢水肿
4928	下肢拖曳步态
4929	下肢外展
4930	下肢无力
4931	下肢血压偏低
4932	下肢振动觉和位置觉受损
4933	下肢中枢性瘫痪
4934	下肢肿胀和乏力
4935	夏季厌食症
4936	夏季痒疹
4937	先天性X因子缺乏
4938	先天性腹壁发育不全
4939	先天性弓形体
4940	先天性骨发育不良
4941	先天性虹膜缺乏
4942	先天性乳糖不耐受
4943	先天性乳糖酶缺乏
4944	先天性少白头
4945	先天性铜代谢障碍
4946	先天性无虹膜
4947	先天性无阴道
4948	先天性无子宫
4949	先天性心脏传导
4950	先兆流产
4951	先兆早产
4952	先兆子宫破裂
4953	先兆子痫
4954	纤毛结构缺陷
4955	纤毛清除功能障碍
4956	纤毛上皮细胞损伤脱落
4957	纤维结构不良
4958	纤维渗出物
4959	纤维性钙化结节
4960	鲜红斑痣
4961	鲜红色乳头状赘生物突向尿道腔
4962	鲜红掌
4963	弦脉
4964	现实解体
4965	线状骨折
4966	腺体结节
4967	腺性或囊性膀胱炎
4968	腺样体面容
4969	霰粒肿
4970	向心性肥胖
4971	象限性偏盲
4972	消耗性体重下降
4973	消化不良
4974	消化道穿孔
4975	消化道激惹
4976	消化道内毛石或毛粪石形成
4977	消化道憩室
4978	消化道狭窄
4979	消化管蠕动不协调
4980	消化性溃疡
4981	消瘦
4982	消瘦严重者呈”皮包骨头”样
4983	小便不易排空
4984	小便恐惧
4985	小步态
4986	小肠扩张充气
4987	小肠内的低pH
4988	小肠损伤
4989	小肠危象
4990	小肠细菌过度生长
4991	小胆管扭曲
4992	小儿爱咬指甲
4993	小儿便秘
4994	小儿的异嗜症状
4995	小儿发热
4996	小儿干咳
4997	小儿疳积
4998	小儿进食易呕吐
4999	小儿剧烈咳嗽
5000	小儿咳嗽
5001	小儿哭闹不安
5002	小儿流口水
5003	小儿明显瘦小
5004	小儿尿色发蓝
5005	小儿尿血
5006	小儿青盲
5007	小儿上火
5008	小儿生理性贫血
5009	小儿声带损伤
5010	小儿双下肢蜷曲
5011	小儿腿抽筋
5012	小儿维生素D缺乏
5013	小儿痒疹
5014	小儿曳足而行
5015	小儿夜惊咬指
5016	小儿夜啼
5017	小儿遗尿
5018	小儿右上腹阵发性绞痛
5019	小腹刺痛
5020	小腹冷痛
5021	小管毒性病变
5022	小管间质性肾炎
5023	小管萎缩病变
5024	小孩频繁眨眼
5025	小颌
5026	小梁网色素沉着
5027	小脑出血
5028	小脑定向力和功能障碍
5029	小脑功能损害
5030	小脑畸形
5031	小脑失调症
5032	小脑-视网膜综合征
5033	小脑体征
5034	小脑性共济失调
5035	小三阳
5036	小书写症
5037	小头
5038	小腿肚抽筋
5039	小腿发胀
5040	小腿腓部肌肉疼痛和压痛
5041	小腿和踝关节周围的紫红色瘀斑
5042	小腿或前臂间隙综合征
5043	小腿肌肉萎缩
5044	小腿溃疡
5045	小腿内侧感觉丧失
5046	小腿瘙痒干燥
5047	小腿水肿
5048	小腿酸痛
5049	小腿外侧及足背感觉丧失
5050	小腿下部色素沉着、脱屑、湿疹
5051	小腿以下缺血
5052	小腿肿胀疼痛
5053	小胃综合征
5054	小血管纤维性坏死
5055	小眼球
5056	小阴唇及前庭也有散在的白色圆形及环形丘疹
5057	小支气管痉挛
5058	小支气管平滑肌挛缩
5059	小支气管粘膜水肿
5060	小指半月甲呈粉红色
5061	小指不明原因痛
5062	小指单一褶纹
5063	小指感觉消失
5064	小指指甲有凹陷
5065	哮鸣音
5066	斜视
5067	斜视性弱视
5068	斜头畸形
5069	斜形骨折
5070	斜眼抑制
5071	写字或拿小物品困难
5072	泻药性便秘
5073	心瓣膜病变
5074	心瓣膜穿孔
5075	心包积液
5076	心包积液体征
5077	心包膜发炎
5078	心包内出血
5079	心包破损伤
5080	心包缩窄
5081	心包填塞
5082	心包纤维增厚
5083	心包压塞
5084	心包炎
5085	心包转移
5086	心搏漏跳
5087	心电图异常
5088	心动过缓
5089	心动过速
5090	心房对心室收缩的辅助泵作用丧失
5091	心房内形成混合血
5092	心房游走性节律
5093	心肺栓塞
5094	心功能失代偿
5095	心慌
5096	心慌气短
5097	心火
5098	心肌冬眠现象
5099	心肌顿抑
5100	心肌肥厚
5101	心肌梗死
5102	心肌耗氧量增加
5103	心肌坏死广泛
5104	心肌灰白而松弛
5105	心肌脓肿
5106	心肌缺血
5107	心肌细胞的浊肿
5108	心肌营养障碍
5109	心悸
5110	心悸伴乏力、面色苍白
5111	心悸伴高血压
5112	心悸伴消瘦、腹泻
5113	心悸伴心率异常
5114	心尖搏动弥散
5115	心尖部第1心音亢进
5116	心绞痛
5117	心境不良
5118	心境高涨
5119	心口灼热痛
5120	心理老化
5121	心理麻木
5122	心理年龄大于生理年龄
5123	心理年龄小于生理年龄
5124	心理伤害
5125	心理性性功能障碍
5126	心力衰竭
5127	心力贮备减少
5128	心律失常
5129	心率不齐
5130	心率过缓
5131	心率增快
5132	心内分流为右向左
5133	心内膜弹力纤维增生
5134	心脑血管意外
5135	心排血量减少
5136	心排血量增多
5137	心前区隆起
5138	心前区隐痛
5139	心室肥大
5140	心室扑动
5141	心室纤颤
5142	心跳过速
5143	心跳很乱
5144	心跳加快
5145	心窝部隐痛
5146	心血管造影见双球征
5147	心音低钝
5148	心音及脉搏消失
5149	心音微弱
5150	心音遥远
5151	心音异常
5152	心源性呼吸窘迫
5153	心源性呼吸困难
5154	心源性水肿
5155	心源性胸痛
5156	心源性晕厥
5157	心脏“偷停”感
5158	心脏病引发的晕厥
5159	心脏穿透性损伤
5160	心脏刺痛
5161	心脏毒性作用
5162	心脏肥大
5163	心脏复苏
5164	心脏功能突然失代偿
5165	心脏畸形
5166	心脏僵硬
5167	心脏结构异常
5168	心脏扩大
5169	心脏排血受阻
5170	心脏破裂
5171	心脏失代偿
5172	心脏停搏
5173	心脏性猝死
5174	心脏压塞征象
5175	心脏淤积淀粉样物质
5176	心脏杂音
5177	心脏增大
5178	心脏震颤
5179	心脏重量增加
5180	心脏骤停
5181	心脏转移
5182	新陈代谢低下
5183	新陈代谢旺盛
5184	新生儿便秘
5185	新生儿抽搐
5186	新生儿出血症
5187	新生儿蛋白尿
5188	新生儿低体温
5189	新生儿低血磷
5190	新生儿发绀
5191	新生儿反应低下
5192	新生儿喉喘鸣
5193	新生儿两眼上翻凝视
5194	新生儿绿牙或棕褐色牙
5195	新生儿母乳喂养后出现黄疸
5196	新生儿脓漏眼
5197	新生儿皮肤薄
5198	新生儿皮肤硬肿
5199	新生儿皮肤褶皱
5200	新生儿贫血
5201	新生儿破伤风
5202	新生儿期癫痫持续状态
5203	新生儿脐部出血
5204	新生儿气促
5205	新生儿青紫
5206	新生儿全身水肿
5207	新生儿少吃
5208	新生儿少哭
5209	新生儿嗜睡
5210	新生儿手足徐动
5211	新生儿吮乳无力及减少
5212	新生儿心力衰竭
5213	新生儿震颤
5214	新生儿中性粒细胞增多
5215	新月状溶骨性缺损
5216	信息成瘾
5217	星迹步态
5218	猩红热面容
5219	猩红热样皮疹
5220	行为动作幼稚愚蠢
5221	行为及情绪异常
5222	行为紊乱而奇特
5223	行为无计划性
5224	行走踩棉花感
5225	行走呈大步态
5226	行走后小腿肌肉痉挛
5227	行走时发生腓肠肌麻木
5228	醒后不解乏
5229	性倒错
5230	性发育慢
5231	性发育停顿
5232	性感不快
5233	性交困难
5234	性交疼痛
5235	性施虐癖
5236	性受虐癖
5237	性腺发育不良
5238	性心理不成熟
5239	性兴趣减退感
5240	性欲减退
5241	性欲亢进
5242	性早熟
5243	性窒息
5244	胸壁浸润
5245	胸壁塌陷
5246	胸壁疼痛
5247	胸壁血管充盈
5248	胸部长痘
5249	胸部沉重感
5250	胸部挫伤
5251	胸部大片斑块
5252	胸部紧迫或束带感
5253	胸部下垂
5254	胸部隐痛
5255	胸部有过度回响
5256	胸大肌痛
5257	胸大肌外侧缘处如花生米大小的肿块
5258	胸腹壁浅在条索伴疼痛或牵扯痛
5259	胸腹部畸形
5260	胸腹呈矛盾运动
5261	胸膈间烧灼嘈杂感
5262	胸骨后烧灼样痛
5263	胸骨后疼痛
5264	胸骨后异物阻塞感及隐痛
5265	胸骨裂
5266	胸骨隆凸
5267	胸骨下端压痛
5268	胸骨压痛
5269	胸肌萎缩
5270	胸降主动脉严重狭窄
5271	胸口紧绷
5272	胸口闪电疼痛
5273	胸廓畸形
5274	胸廓塌陷畸形
5275	胸廓狭窄而扁
5276	胸廓异常
5277	胸闷
5278	胸闷憋气
5279	胸膜肥厚
5280	胸膜钙化
5281	胸膜毛细血管通透性增加
5282	胸膜摩擦音
5283	胸膜休克
5284	胸膜增厚
5285	胸膜增厚粘连
5286	胸膜粘连
5287	胸膜转移
5288	胸片示肺内孤立结节
5289	胸腔出口综合征
5290	胸腔积液
5291	胸式呼吸
5292	胸水
5293	胸锁乳突肌附着处压痛
5294	胸痛
5295	胸痛伴呼吸困难
5296	胸痛伴冷汗
5297	胸痛伴胸闷、心悸
5298	胸腺高度萎缩
5299	胸腺缺如
5300	胸腰段背部或臀部的疼痛
5301	胸腰驼背
5302	胸腰椎损伤
5303	胸腰椎压缩性骨折
5304	胸椎侧弯
5305	胸椎畸形
5306	胸椎疼痛
5307	胸椎腰化
5308	雄激素过多
5309	雄激素过少
5310	雄激素依赖
5311	熊猫眼
5312	休克
5313	休克较久后的肺部病变
5314	休克性神经受累
5315	溴磺酞排泄延迟
5316	溴疹
5317	虚汗
5318	虚火
5319	虚脉
5320	虚热口臭
5321	虚脱
5322	嗅觉倒错
5323	嗅觉过敏
5324	嗅觉丧失
5325	嗅觉障碍
5326	悬垂型心脏
5327	悬雍垂松弛细长
5328	旋转性眩晕
5329	选择性缄默症
5330	眩晕
5331	学习困难
5332	学习障碍
5333	血沉增快
5334	血沉增速
5335	血道播散
5336	血睾酮降低
5337	血骨髓或痰涂片找到疟原虫
5338	血管壁变薄
5339	血管壁及周围有Ig及补体沉着
5340	血管搏动或波形的改变
5341	血管过敏性炎症
5342	血管畸形
5343	血管迷走性晕厥
5344	血管内凝血
5345	血管伤
5346	血管神经性水肿
5347	血管舒张性虚脱
5348	血管萎缩性白斑
5349	血管性痴呆
5350	血管性水肿
5351	血管性头痛
5352	血管炎
5353	血管硬化
5354	血管杂音
5355	血管增生
5356	血管痣
5357	血红蛋白尿
5358	血痂
5359	血浆白蛋白降低
5360	血浆胆固醇水平高
5361	血精
5362	血离脉络
5363	血流不畅
5364	血流动力学障碍
5365	血流阻力增加
5366	血脑屏障通透性高
5367	血尿
5368	血尿伴蛋白尿
5369	血尿伴排尿不畅
5370	血疱
5371	血偏酸
5372	血清HDL-C水平减低
5373	血清TG水平升高
5374	血清睾酮浓度低下
5375	血清睾酮浓度明显升高
5376	血清甲胎蛋白升高
5377	血清碱性磷酸酶活性增高
5378	血清碱性磷酸酶可呈进行性增高
5379	血清降钙素水平增高
5380	血清抗GBM抗体阳性
5381	血清酶学改变
5382	血清免疫球蛋白可升高
5383	血清钠增高
5384	血清铜氧化酶吸光度降低
5385	血清中高水平的谷草转氨酶(AST)
5386	血缺氧
5387	血热
5388	血栓后综合征
5389	血栓肌化
5390	血栓扩展
5391	血栓脱落
5392	血栓外痔
5393	血栓性赘生物
5394	血丝痰
5395	血糖升高
5396	血糖值升高
5397	血吸虫导致的肝硬化
5398	血象异常
5399	血小板减少
5400	血小板减少性紫癜
5401	血小板聚集增强
5402	血小板寿命缩短
5403	血小板增多
5404	血性恶露
5405	血性恶露持续时间延长
5406	血性耳分泌物
5407	血性耳漏
5408	血性腹水
5409	血性渗液
5410	血性胸水
5411	血胸
5412	血虚
5413	血压波动大
5414	血压偏低
5415	血压为零
5416	血压下降
5417	血液呈现浓缩
5418	血液改变
5419	血液粘度增高
5420	血液粘滞度增高
5421	血瘀体质
5422	血运障碍
5423	血脂异常
5424	血中钙离子过高
5425	血肿形成
5426	循环衰竭
5427	一侧胸廓塌陷
5428	“鸭步”步态
5429	猿手畸形
5430	Y-现象和菱形现象
5431	匙状指（趾）
5432	烦渴多饮
5433	剧烈运动后哮喘
5434	前胸压迫性疼痛
5435	乳糜泻
5436	吮乳困难
5437	涎瘘
5438	胸段或腰段脊髓伤
5439	胸腰段及腰椎前凸消失
5440	压力和体位性多汗
5441	压迫瘘口试验
5442	压缩型骨折
5443	牙槽突型
5444	牙齿呈黄色浅灰色或深灰色
5445	牙齿呈棕黑色
5446	牙齿臭
5447	牙齿发黄
5448	牙齿缝隙大
5449	牙齿黑斑
5450	牙齿较小呈半透明状
5451	牙齿结构异常
5452	牙齿颈部黄斑
5453	牙齿萌出疼痛
5454	牙齿萌出异常
5455	牙齿上白垩色到褐色的斑块
5456	牙齿数目不足
5457	牙齿数目过剩
5458	牙齿松动和脱落
5459	牙齿小而稀疏
5460	牙齿小且无光泽
5461	牙齿形态异常
5462	牙齿颜色异常
5463	牙齿咬合无力
5464	牙齿异常
5465	牙齿拥挤错位排列不齐
5466	牙齿遇冷热痛
5467	牙的咀嚼磨损
5468	牙缝增宽
5469	牙根外露
5470	牙关紧闭
5471	牙冠呈半透明乳光色
5472	牙列稀疏
5473	牙列拥挤
5474	牙疼
5475	牙体损伤
5476	牙痛
5477	牙脱位
5478	牙移位
5479	牙龈出血
5480	牙龈上发生黑线
5481	牙龈深红或暗红色
5482	牙龈痛
5483	牙龈萎缩
5484	牙龈痒胀
5485	牙龈肿胀
5486	牙有伸长感及触痛
5487	牙釉质腐蚀
5488	牙周袋形成
5489	疋氏（Pickweckian）综合征
5490	咽部充血
5491	咽部和喉部危象
5492	咽部肌肉运动障碍
5493	咽部溃疡
5494	咽部慢性充血
5495	咽部苹果酱样结节
5496	咽部异物感
5497	咽部有散在灰白色丘疱疹
5498	咽部有异物感
5499	咽部粘膜弥漫充血
5500	咽部灼热疼痛
5501	咽反射
5502	咽反射亢进
5503	咽反射消失
5504	咽鼓管堵塞
5505	咽喉部充血
5506	咽喉部干燥刺痒
5507	咽喉干燥充血
5508	咽喉干燥及灼热感
5509	咽喉及口内刺痒
5510	咽喉疼痛
5511	咽喉炎
5512	咽颊部烧伤
5513	咽痛
5514	咽炎、舌炎、龈炎
5515	咽异感症
5516	烟酸缺乏
5517	延髓出血
5518	延髓性麻痹
5519	严重腹腔感染
5520	严重急性呼吸道症
5521	严重情绪障碍
5522	严重性假肥大型营养不良症
5523	言语凌乱
5524	言语紊乱
5525	言语增多
5526	言语中断
5527	言语自动症
5528	炎性损害
5529	炎性外痔
5530	炎性细胞浸润
5531	盐类皮质激素分泌过多
5532	盐类皮质激素分泌过少
5533	颜面潮红
5534	颜面充血呈樱桃红色
5535	颜面的火焰状母斑
5536	颜面发红紫色
5537	颜面受累时褶皱加深形成“狮面”
5538	眼白出现红点
5539	眼白发红
5540	眼白发黄
5541	眼白过白
5542	眼白蓝灰色或黑色斑点
5543	眼部感染
5544	眼部烧伤感
5545	眼部胀痛
5546	眼充血
5547	眼底出血和渗出
5548	眼底点状或火焰状出血
5549	眼底发现黄斑呈带灰色变色
5550	眼底改变
5551	眼底黄斑部的樱桃红斑点
5552	眼底无红光反射
5553	眼底异常
5554	眼底樱桃红斑
5555	眼发胀、发干
5556	眼干
5557	眼干涩酸胀，易疲劳
5558	眼花
5559	眼肌麻痹
5560	眼肌瘫痪
5561	眼睑闭合不全
5562	眼睑部有明显的刺痒感和烧灼感
5563	眼睑呈紫红色
5564	眼睑肥厚
5565	眼睑浮肿
5566	眼睑畸形
5567	眼睑痉挛
5568	眼睑脓肿
5569	眼睑松弛
5570	眼睑松弛和上唇增厚
5571	眼睑外翻
5572	眼睑下垂
5573	眼睑异物
5574	眼睑震颤
5575	眼睑肿胀且呈淡绿色
5576	眼角长斑
5577	眼角膜反射消失
5578	眼结膜黑变
5579	眼结膜上出现瘀点
5580	眼结膜水肿及角膜溃疡
5581	眼晶体前房棕色光反射
5582	眼睛刺痛
5583	眼睛发红
5584	眼睛痒
5585	眼距宽阔
5586	眼眶内持续性、针刺或撕扯样痛
5587	眼眶缩小
5588	眼眶疼痛
5589	眼眶异物
5590	眼裂歪斜
5591	眼裂细小
5592	眼面痛
5593	眼内有异物感
5594	眼皮跳
5595	眼皮下垂
5596	眼疲劳
5597	眼前发黑
5598	眼前黑影
5599	眼前冒火花或眼前闪光
5600	眼前冒金花
5601	眼前冒紫烟
5602	眼前异常闪光，增加的黑点
5603	眼球斑点
5604	眼球不能随意动
5605	眼球不同轴
5606	眼球穿孔
5607	眼球垂直运动障碍
5608	眼球挫伤
5609	眼球调节功能减退或消失
5610	眼球浮动现象
5611	眼球会聚功能麻痹或痉挛
5612	眼球内积脓而失明
5613	眼球内陷
5614	眼球内斜
5615	眼球偏斜
5616	眼球上翻并固定
5617	眼球突出
5618	眼球压痛
5619	眼球移位
5620	眼球运动偏斜扭转
5621	眼球震颤
5622	眼缺陷
5623	眼色素膜炎
5624	眼神异常
5625	眼屎多
5626	眼痛
5627	眼-头反射消失
5628	眼外肌运动无力
5629	眼外转移
5630	眼旋转
5631	眼压升高
5632	眼压突然迅速升高
5633	眼张不开
5634	眼胀
5635	眼嘴的细小皱纹
5636	厌奶
5637	厌食
5638	羊膜腔感染
5639	羊水粪染
5640	羊水过多
5641	羊水血性
5642	羊水中回声增强增多
5643	羊水中有胎粪
5644	阳盛体质
5645	阳虚体质
5646	阳虚胃痛
5647	杨梅样舌
5648	仰颈时吞咽困难
5649	仰卧呼吸
5650	仰趾外翻
5651	氧分压低
5652	腰背部窦道
5653	腰背部有皮毛窦
5654	腰背刺痛
5655	腰背的持续隐痛
5656	腰背酸痛
5657	腰背痛
5658	腰部包块
5659	腰部的不稳交锁现象
5660	腰部钝痛
5661	腰部缓慢增大的软肿块
5662	腰部僵硬及腰前凸消失
5663	腰部僵直感
5664	腰部酸胀及无力
5665	腰长骨刺
5666	腰大肌痉挛
5667	腰大肌脓肿
5668	腰大肌阴影消失
5669	腰大肌肿胀
5670	腰骶部或下腰部疼痛
5671	腰骶部皮肤多毛、异常色素沉着
5672	腰骶部酸痛
5673	腰骶疼痛
5674	腰肌痉挛
5675	腰脊椎疼痛
5676	腰软不能直起
5677	腰酸
5678	腰酸背痛
5679	腰痛伴尿频、尿急、尿痛
5680	腰痛伴肾区叩击痛
5681	腰痛卧床加重
5682	腰臀部广泛性疼痛并向下放射
5683	腰膝酸软
5684	腰椎不稳
5685	腰椎骶化
5686	腰椎肥大
5687	腰椎间盘突出
5688	腰椎膨出
5689	腰椎退化
5690	腰椎椎管狭窄
5691	摇摆步态
5692	摇头转颈
5693	咬合关系错乱
5694	咬伤愈合的伤口出现痛痒或麻木
5695	咬痛
5696	咬指甲
5697	咬嘴唇或舌
5698	药物过敏反应
5699	药物性肥胖
5700	药物性水肿
5701	药物依赖
5702	药物中毒
5703	药疹
5704	耀光感
5705	噎痛感
5706	叶间裂常呈弧形下坠
5707	叶间裂移位
5708	叶状脱色斑
5709	夜间盗汗
5710	夜间肩痛
5711	夜间磨牙
5712	夜间睡眠气短憋醒
5713	夜间头痛
5714	夜惊
5715	夜盲
5716	夜尿增多
5717	夜游症
5718	液气胸
5719	液体平衡失调
5720	腋部掌心出汗
5721	腋部肿块
5722	腋毛变稀少
5723	腋毛和阴毛脱落
5724	腋毛毛干上有微小结节
5725	腋区疼痛
5726	腋窝多汗
5727	腋窝痛
5728	腋窝有异味
5729	腋下淋巴肿大
5730	一侧乳头萎缩，另侧水肿
5731	一侧下腹坠痛
5732	一侧性下腹剧烈疼痛
5733	一侧颜面肥大
5734	一侧腰腹突发“刀割”样绞痛
5735	一侧阴囊内逐渐增大的无痛性肿块
5736	一过性的流感样症状
5737	一过性红斑狼疮样
5738	一过性昏厥
5739	一过性脑缺血
5740	一过性尿蛋白
5741	一过性全面性遗忘
5742	一过性肉眼血尿
5743	一过性心尖部收缩期杂音
5744	一过性意识蒙眬
5745	一咳嗽胸口就疼
5746	一时性便秘
5747	一氧化碳中毒
5748	依赖公式化
5749	依赖症
5750	胰岛细胞破坏
5751	胰酶分泌或排出量降低
5752	胰石阻塞
5753	胰腺功能不足
5754	胰腺内钙化
5755	胰腺外分泌功能不良
5756	胰腺纤维化
5757	胰源性腹痛
5758	移动性浊音
5759	移行病变
5760	遗传性出血性毛细血管扩张症
5761	遗传性肥胖
5762	遗传性果糖不耐受
5763	遗精
5764	遗尿
5765	疑病症
5766	乙肝e抗体（抗HBe）阳性
5767	乙肝e抗原（HBeAg）阳性
5768	乙肝表面抗体（抗HBs）阳性
5769	乙肝表面抗原（HBsAg）阳性
5770	以偷窥为快感源泉的性变态
5771	以头昏为主的眩晕
5772	蚁走感
5773	异常矮小
5774	异常子宫出血
5775	异常粗大的舞蹈样动作
5776	异常高大
5777	异常体位所致的窒息
5778	异常鱼鳞癣
5779	异食癖
5780	异嗜酸癖
5781	异位钙化
5782	异位妊娠
5783	异位性心动过速
5784	异型网织细胞
5785	异性蛋白反应
5786	异性装扮癖
5787	异源性ACTH
5788	抑郁
5789	抑郁性木僵
5790	抑郁症
5791	易变性痉挛
5792	易跌倒
5793	易饿
5794	易昏厥
5795	易激动
5796	易激惹
5797	易倦感
5798	易哭
5799	易疲乏
5800	易醒
5801	易性别癖
5802	易于产生病理嫉妒信念
5803	谊妄
5804	逸搏出现
5805	意识短暂中断
5806	意识改变状态
5807	意识朦胧状态
5808	意识模糊
5809	意识丧失
5810	意识障碍
5811	意向倒错
5812	意向性震颤
5813	意志丧失性格
5814	溢乳
5815	癔症步态
5816	阴部溃疡
5817	阴部皮肤潮红
5818	阴唇融合
5819	阴道闭锁
5820	阴道不规则出血
5821	阴道持续流血不停
5822	阴道持续少量流血
5823	阴道持续中量流血
5824	阴道出血
5825	阴道分泌物增多
5826	阴道横隔
5827	阴道后穹窿触痛
5828	阴道口局部红肿热痛
5829	阴道裂伤
5830	阴道流出黄色或血性带臭味的分泌物
5831	阴道流血过多
5832	阴道内出现粪质和血性分泌
5833	阴道黏膜膨胀
5834	阴道脓性分泌物
5835	阴道排出碎块组织
5836	阴道排液呈黑水样
5837	阴道入口粘膜撕裂
5838	阴道血性分泌物
5839	阴道粘连
5840	阴道粘连甚至闭锁
5841	阴道转移
5842	阴蒂肥大
5843	阴茎表浅性溃疡
5844	阴茎短
5845	阴茎龟头橡皮肿
5846	阴茎和阴囊水肿
5847	阴茎损伤
5848	阴茎疼痛
5849	阴茎样尿道
5850	阴茎异常
5851	阴茎硬结
5852	阴毛脱落
5853	阴毛早发育
5854	阴囊潮湿有异味
5855	阴囊上有白色小疙瘩
5856	阴囊舌
5857	阴囊水肿
5858	阴囊下坠
5859	阴囊肿大
5860	阴囊肿胀
5861	阴囊坠胀痛
5862	阴虚火亢症
5863	阴虚体质
5864	阴虚胃痛
5865	阴阳气血失衡
5866	阴雨天颈肩背部酸痛
5867	音调韵律的异常
5868	吟诗样语言
5869	饮酒性面红
5870	饮水呛咳
5871	隐睾
5872	隐球菌感染
5873	隐球菌囊膜多糖堆积
5874	隐性产后出血
5875	隐性水肿
5876	应激功能减退
5877	婴儿步行晚
5878	婴儿出牙延迟
5879	婴儿过胖
5880	婴儿含吮时乳头刀割样疼痛并渗血
5881	婴儿褐色或暗绿色的粘液便
5882	婴儿黑头粉刺
5883	婴儿脊柱侧凸
5884	婴儿痉挛症
5885	婴儿肋骨外翻
5886	婴儿脸色发黄
5887	婴儿热痱
5888	婴儿湿疹
5889	婴儿湿疹结痂
5890	婴儿睡觉不踏实
5891	婴儿睡觉出汗
5892	婴儿睡觉打鼾
5893	婴儿睡觉惊跳
5894	婴儿睡觉前哭闹
5895	婴儿睡觉摇头
5896	婴儿睡眠少
5897	婴儿说话晚
5898	婴儿体重增长过快
5899	婴儿头大
5900	婴儿头皮结血痂
5901	婴儿头皮有黄色结痂
5902	婴儿吐奶
5903	婴儿臀部红
5904	婴儿喂养困难
5905	婴儿厌食
5906	婴儿枕秃
5907	婴幼儿抽风
5908	婴幼儿脐部有肿物突出
5909	婴幼儿睡眠时经常翻动，反复摇头
5910	婴幼儿外阴疼痛
5911	樱桃红掌色
5912	鹰钩鼻
5913	迎风流泪
5914	营养不良
5915	营养不良性水肿
5916	营养代谢缺乏
5917	营养性皮肤改变
5918	营养障碍
5919	硬斑
5920	硬腭呈半圆形隆起
5921	硬化
5922	硬脊膜膨出
5923	硬下疳
5924	硬肿症
5925	拥抱反射减弱或消失
5926	拥抱反射消失
5927	永久性秃发
5928	用口探索物体
5929	用药过程中出现胃部症状
5930	忧郁
5931	幽门瘢痕性狭窄
5932	幽门管溃疡
5933	幽门管狭窄
5934	幽门肌肥大
5935	幽门前区溃疡
5936	幽门狭窄
5937	幽门肿块
5938	油腻性鳞屑
5939	疣状增殖
5940	游走肾
5941	有机磷中毒
5942	有排卵性功血
5943	有效血容量减少
5944	右背部痛
5945	右边脸颊长痘
5946	右侧束支传导阻滞
5947	右上腹持续性剧痛并向右肩部放射
5948	右上腹痛
5949	右室肥厚
5950	右下腹可触及柔软腊肠样肿块
5951	右下腹痛
5952	右下腹痛伴呕吐
5953	右下腹压痛
5954	右心功能不全
5955	右心室流出道
5956	右心衰竭
5957	右胸痛
5958	淤血性心衰
5959	瘀斑
5960	瘀斑性环
5961	瘀血
5962	瘀血斑
5963	瘀血积聚
5964	瘀血性痛经
5965	鱼鳞癣样红皮
5966	愉快感缺乏
5967	愚型样睑裂歪曲
5968	与脉搏相一致的眼球跳动
5969	语言发育迟缓
5970	语音震颤增强
5971	遇冷后排汗增多
5972	原发性便秘
5973	原发性痛经
5974	原发灶不明的转移灶
5975	圆形或卵圆形丘疹或结节
5976	远端胃窦产生异位节律
5977	远视屈光度数增加
5978	月经发黑
5979	月经量多
5980	月经期长痘
5981	月经期间腰疼
5982	月经前水肿
5983	月经时多时少且淋漓不断
5984	月经稀少
5985	月经血块过多
5986	月经周期改变
5987	孕产妇腰痛
5988	孕妇背痛
5989	孕妇耻骨痛
5990	孕妇肚子痒
5991	孕妇非妊娠原因的腹痛
5992	孕妇腹部硬块
5993	孕妇口苦
5994	孕妇气喘
5995	孕妇全身性水肿
5996	孕妇上火
5997	孕妇腿抽筋
5998	孕妇胃痛
5999	孕妇小腹痛
6000	孕妇小腿浮肿
6001	孕妇小腿痒
6002	孕妇胸闷气短
6003	孕晚期腹痛
6004	孕早期腹痛
6005	孕中期腹痛
6006	运动不足综合征
6007	运动传导束受累
6008	运动腹痛
6009	运动功能障碍
6010	运动后尿血
6011	运动后全身酸痛
6012	运动或情绪激动诱发的胸痛
6013	运动耐力降低
6014	运动气喘
6015	运动失调
6016	运动时膝前疼痛加剧
6017	运动损伤
6018	运动性闭经
6019	运动性忽略症
6020	运动性疲劳
6021	运动性失语
6022	运动性兴奋或抑制
6023	晕车
6024	晕动症
6025	晕机
6026	晕厥
6027	晕厥反复发作
6028	晕厥预兆
6029	晕轮效应
6030	晕眩
6031	晕血
6032	晕针
6033	糙皮病样皮疹
6034	侧腹壁或后腰部有压痛
6035	瘤块压迫
6036	灾难反应
6037	脏腑功能失调
6038	脏器变小
6039	早饱
6040	早搏
6041	早晨上下眼睑粘连
6042	早孕反应重
6043	燥狂相
6044	躁狂
6045	躁郁样
6046	增生性瘢痕
6047	增生性骨膜炎
6048	增殖体肥大
6049	增殖腺肥大
6050	眨眼不止
6051	谵妄
6052	辗转体位
6053	张口呼吸
6054	张口困难
6055	张力性气胸
6056	张嘴颌骨响
6057	掌骨和跖骨短
6058	掌骨指数及指骨指数均增大
6059	掌颏反射
6060	掌纹atd角大于45°
6061	掌心凹消失或稍隆起
6062	掌跖多汗
6063	掌跖发红
6064	掌跖角化过度
6065	掌趾皮肤黄色角化物
6066	胀感
6067	胀痛
6068	胀坠感
6069	招风耳
6070	折刀现象
6071	蔗糖-异麦芽糖吸收不良
6072	珍珠丘疹
6073	真菌感染
6074	真皮侵袭性生长
6075	真性菌尿
6076	血压高
6077	枕部和颈后疼痛
6078	枕部疼痛
6079	枕大神经痛
6080	枕横位入盆
6081	枕叶受损
6082	阵发性鼻塞
6083	阵发性肠绞痛
6084	阵发性痴笑
6085	阵发性腹痛
6086	阵发性或强直性惊厥
6087	阵发性狂笑
6088	阵发性夜间呼吸困难
6089	阵发性子宫收缩
6090	阵挛
6091	阵挛-强直型
6092	镇静、麻醉剂所致昏迷
6093	镇静药中毒
6094	震颤
6095	震颤性肌强直，运动徐缓
6096	震荡性神经受累
6097	震水音
6098	睁眼昏迷
6099	正常免疫球蛋白减少
6100	正弦胎心率
6101	支气管肺泡音
6102	支气管分泌物增加
6103	支气管痉挛
6104	支气管脓性分泌物增多
6105	支气管平滑肌痉挛
6106	支气管树受压
6107	支气管狭窄
6108	支气管以下的损伤
6109	知觉消失
6110	肢端发绀
6111	肢端角化
6112	肢端接连出现苍白、发组和潮红反应
6113	肢端溃疡
6114	肢端凉
6115	肢端缺血
6116	肢端湿冷
6117	肢端易发生不易控制的足癣感染
6118	肢端硬化
6119	肢骨纹状肥大
6120	肢体不自主震颤
6121	肢体的非凹性水肿
6122	肢体短缩畸形
6123	肢体发凉
6124	肢体过度肥大
6125	肢体忽冷忽热，时红时白
6126	肢体或躯干麻木
6127	肢体或躯干姿势异常
6128	肢体僵硬感
6129	肢体局部的皮肤颜色和温度改变
6130	肢体麻痛
6131	肢体内翻
6132	肢体栓塞
6133	肢体疼痛
6134	肢体远侧常有麻痛
6135	肢体远端出现腕垂踝垂
6136	肢体运动不协调
6137	肢体增长、增粗过度
6138	肢体障碍
6139	肢体震颤
6140	白细胞计数（WBC）
6141	脂肪代谢障碍
6142	脂肪过多
6143	脂肪浸润
6144	脂肪痢
6145	脂肪泻
6146	脂膜炎
6147	脂溶性维生素缺乏
6148	脂质沉积症
6149	蜘蛛指
6150	蜘蛛痣
6151	直肠肛门内胀痛不适
6152	直肠疼痛
6153	直肠脱垂
6154	直肠危象
6155	直肠狭窄
6156	直肠与肛门狭窄
6157	直肠重复畸形
6158	直立性低血压晕厥
6159	直立性尿蛋白
6160	直立性脱虚
6161	直腿伸踝试验阳性
6162	职业神经症
6163	植物神经功能障碍
6164	植物血凝素的淋巴细胞返祖现象
6165	跖部纤维痛
6166	跖反射伸性
6167	跖纹
6168	跖纹中拇趾球区胫侧弓状纹
6169	纸样胎儿
6170	指(趾)骨梗死
6171	指(趾)和小腿出现痉挛及隐痛
6172	指(趾)甲脆软萎缩
6173	指(趾)甲点状凹陷
6174	指(趾)甲横断
6175	指(趾)甲缺失
6176	指（趾）甲颜色改变
6177	指(趾)甲增厚
6178	指（趾）麻木
6179	指(趾)肿胀
6180	指、拇、脘的伸展功能完全丧失
6181	指、趾甲显现苍白痕或脱落
6182	指鼻不准
6183	指端出现Osler结节
6184	指端及指(趾)甲周红斑
6185	指骨节肥大
6186	指或趾甲下裂片状出血
6187	指甲、耳软骨出现褐色色素沉着
6188	指甲变软或发生变形
6189	指甲呈半圆形
6190	指甲呈扁平形
6191	指甲呈三角形
6192	指甲呈扇形
6193	指甲呈筒形
6194	指甲呈现黑色
6195	指甲呈现青紫色
6196	指甲出现条纹或斑点
6197	指甲床发绀
6198	指甲倒刺
6199	指甲冻伤
6200	指甲干瘪
6201	指甲-骨四联征
6202	指甲很短
6203	指甲厚脆且多裂纹
6204	指甲夹伤
6205	指甲尖有缺痕
6206	指甲可见横沟纺
6207	指甲宽而短(宽大于长)
6208	指甲类似云母
6209	指甲末端呈直线形
6210	指甲嵌入肉
6211	指甲翘起
6212	指甲上起小细粒
6213	指甲上有直线
6214	指甲生长缓慢
6215	指甲失去光泽和平整状态变薄且脆出现白色横纹
6216	指甲特大有纵纹而手指细
6217	指甲突然变白
6218	指甲细长
6219	指甲异常
6220	指甲易碎
6221	指甲营养障碍
6222	指甲有红色或黑色斑点
6223	指甲有黄色细点
6224	指甲中央部分隆起
6225	指尖边缘指甲有凹陷
6226	指间关节不能屈曲
6227	指节垫
6228	指节增粗
6229	指纹皱瘪
6230	指趾端干性坏死
6231	趾(指)环状缩窄带
6232	趾垂症
6233	趾端干枯发黑
6234	趾短小
6235	趾蹼间隙麻木
6236	趾远端呈球形
6237	致死性上呼吸道出血
6238	痔出血
6239	痔核
6240	痔块脱垂
6241	窒息
6242	智力发育迟缓
6243	智力减低
6244	智能减退
6245	智能障碍
6246	痣细胞
6247	中毒性巨结肠
6248	中毒严重
6249	中度昏迷
6250	中度或轻度头痛
6251	中度精神发育迟滞
6252	中度烧伤
6253	中度痛
6254	中耳和耳咽管纤毛异常
6255	中骨盆狭窄
6256	中上腹持续性疼痛
6257	中上腹痛
6258	中枢神经抑制药诱发昏迷
6259	中枢性耳聋
6260	中枢性发热
6261	中枢性呼吸暂停
6262	中暑
6263	中心暗点或弓形暗点
6264	中心暗点扩大
6265	中心暗点以及屈光度的改变
6266	中心静脉压偏低
6267	中心静脉压偏高
6268	中心性钙化
6269	中性粒细胞增高
6270	中指半月甲呈粉红色
6271	中指不明原因痛
6272	中指指甲凹陷
6273	钟摆征
6274	肿瘤性脱发
6275	种植播散
6276	种植性结节
6277	重度肥胖
6278	重度黄疸
6279	重度精神发育迟滞
6280	重度贫血
6281	重度烧伤
6282	重度痛
6283	重力休克
6284	重压感、紧箍感或钳夹样头痛
6285	重症肌无力
6286	周期性发作的巩膜充血
6287	周期性嗜睡强食症
6288	周期性畏寒发热出汗热退症状
6289	周身不适
6290	周身出汗
6291	周身炎症反应
6292	周围神经损害
6293	周围组织灌注不良
6294	粥样泻
6295	轴性遗忘症
6296	肘部的肿胀压痛
6297	肘部剧烈疼痛，压痛肿胀
6298	肘部扭伤
6299	肘部外翻角增大
6300	肘关节不能屈曲
6301	肘关节畸形
6302	肘关节伸直位内翻角增大
6303	肘关节脱位
6304	肘管综合征
6305	肘痛
6306	肘外侧夜间痛
6307	肘外侧肿痛及功能障碍
6308	昼盲
6309	蛛网膜腔内囊肿
6310	蛛网膜增厚
6311	蛛网膜粘连
6312	竹节脊柱
6313	逐渐加重的右侧腹痛，伴厌食恶心
6314	主动脉瓣上膈膜型狭窄
6315	主动脉窦破裂
6316	主动脉弓右位
6317	主动脉和肺动脉影偏小
6318	主动脉环扩张
6319	注射针眼和手术切口出血
6320	注视快速运动的物体时头部转动快于眼球运动
6321	注意力不集中
6322	注意力缺乏多动症
6323	注意障碍
6324	爪甲和甲床表现为纵行色素带
6325	爪状趾
6326	转氨酶异常增高
6327	转氨酶增高
6328	状颅皮
6329	撞击征
6330	椎动脉迂曲痉挛
6331	椎管大小变化
6332	椎间盘退行性变
6333	椎间盘脱出
6334	椎间隙变化
6335	椎节分裂
6336	椎节后缘有骨刺形成
6337	椎前旁软组织肿胀或脓肿
6338	椎体结核
6339	锥虫性“下疳”
6340	锥体束病损
6341	锥体外系损害
6342	卓-艾综合征
6343	子宫呈横椭圆形
6344	子宫呈葫芦状
6345	子宫出血
6346	子宫穿孔
6347	子宫附件肿块
6348	子宫高度低于妊娠周数
6349	子宫颈变大
6350	子宫颈扩张
6351	子宫颈有举痛
6352	子宫痉挛性狭窄环
6353	子宫内膜梗阻
6354	子宫内膜异位
6355	子宫内膜增生性病变
6356	子宫破裂征象
6357	子宫收缩不良
6358	子宫松弛
6359	子宫下垂
6360	子宫小
6361	子宫性闭经
6362	子宫压痛
6363	子宫硬如板状
6364	子宫有局限性轻压痛
6365	子宫增大明显（子宫增大超过胎龄）
6366	子痫
6367	子痫症状
6368	紫斑
6369	紫癜
6370	紫绀
6371	紫绀和血缺氧
6372	紫红色掌
6373	自动Babinske征阳性
6374	自动症
6375	自发性骨折
6376	自发性流产
6377	自发性球内出血
6378	自觉汗臭
6379	自恋
6380	自杀行为
6381	自我残伤行为
6382	自我定向障碍
6383	自主神经反射
6384	自主神经危象
6385	眦部缺损或眦缺损
6386	纵隔病变
6387	纵隔淋巴结增生
6388	纵隔囊肿
6389	纵隔纤维化
6390	纵隔阴影
6391	纵隔增宽
6392	纵隔浊音界扩大
6393	纵沟短
6394	纵行骨折
6395	走动性自动症
6396	足背部肿胀
6397	足背动脉搏动消失
6398	足背及胫后动脉搏动减弱
6399	足不能跖屈和内翻
6400	足部坏疽
6401	足部震颤
6402	足部肿胀压痛
6403	足穿孔
6404	足的放射性疼痛
6405	足底和足背浮肿
6406	足底溃疡
6407	足底烧灼感
6408	足底凸起
6409	足底脱皮
6410	足跟步行
6411	足跟的后上方疼痛的红色肿块
6412	足跟后凸
6413	足跟蓝黑色或黑色斑点
6414	足跟痛
6415	足跟淤血
6416	足和足趾不能背屈
6417	足踝部光滑圆形的包块
6418	足踝捩伤
6419	足畸形
6420	足内翻
6421	足痛
6422	足外翻
6423	足癣
6424	足掌痛
6425	足趾发凉怕冷，呈苍白色或紫红色
6426	足趾皮肤发黑
6427	足趾屈曲挛缩
6428	足趾伸屈时足部疼痛
6429	足趾痛
6430	阻塞性黄疸
6431	组胺性面红
6432	组织坏死
6433	组织细胞增生
6434	组织液渗出
6435	嘴角降肌发育不良
6436	醉汉步态
6437	醉酒
6438	左、右腰腹痛
6439	左边脸颊长痘
6440	左侧卧时右腰呈空音，右侧卧时左腰呈浊音
6441	左腹屈曲
6442	左上腹囊性包块有压痛
6443	左上腹痛
6444	左上腹肿块伴有呕血、黑便
6445	左下腹部可触及压痛性包块
6446	左下腹痛
6447	左心流出道畸形
6448	左心室肥厚
6449	左心室腔容量增大
6450	左心衰竭
6451	左胸痛
6452	坐骨大小孔区出现压痛
6453	坐骨神经痛
6477	呕吐
6478	搏动性肿块
6479	干呕
6480	腰痛
6481	呕血
6482	小儿湿疹
6483	白带异常
6484	月经不调
6485	扁桃体发炎
6486	肥胖
6487	晒伤
6488	甲状腺结节
6489	房颤
6490	反酸
6491	粘液便
6492	尿潴留
6493	恶露不净
6494	近视
6495	假性近视
6496	皮疹
6497	脂肪瘤
6498	妊娠纹
6499	坏疽
6500	皮肤巩膜黄染
6501	类风湿结节
6502	月经推迟
6504	包皮过长
6505	子宫后位
6506	马牙
6507	阴道溃疡
6508	大便不成形
6510	包皮水肿
6511	白发
6512	乳房疼痛
6513	老年大便失禁
6514	外阴瘙痒
6515	新生儿呕血和便血
6516	月经量少
6517	灼痛
6518	大咯血
6519	大便失禁
6520	肝大
6521	阴囊潮湿
6522	湿罗音
6523	糖尿病足部病变
6524	胆囊壁厚
6525	大便色深
6526	前列腺痛
6527	大便异常
6528	脚趾关节痛
6529	卵巢萎缩
6530	脚趾痛风
6531	手指关节疼
6532	肩部劳损
6533	指根部疼
6534	睑黄瘤
6535	尿不尽
6536	虚胖
6537	大腿长红疙瘩
6538	尿泡沫
6539	接触性出血
6540	大腿酸痛
6541	鼻甲肥大
6542	浮肿
6543	腰椎疼痛
6544	眼睛红肿
6545	咬肌肥大
6546	结肠性便秘
6547	大腿内侧痛
6548	结石
6549	大腿内侧瘙痒
6550	大腿毛细血管明显
6551	颈部肿瘤
6552	宫颈出血
6553	大腿疼痛
6554	肌肉疼痛
6555	阴唇发黑
6556	阴唇肥大
6557	胆囊壁毛糙
6558	乳晕痒
6559	寒气重
6560	手脚发麻
6561	尿液异味
6562	阴茎瘙痒
6563	龟头红点
6564	阴茎萎缩
6565	尿液有油
6566	尿无力
6567	阴囊脱皮
6568	阴盛阳虚
6569	尿液有白色沉淀物
6570	龟头珍珠疹
6571	手臂发麻
6572	肾痛
6573	颈动脉有斑块
6574	胸闷气短
6575	心前区疼痛
6576	排卵期腹痛
6577	胯骨痛
6578	上额窦囊肿
6579	上颌窦囊肿
6580	肺中叶纤维灶
6581	胳膊疼痛
6582	肩胛骨痛
6583	脚趾发麻
6584	白带呈豆腐渣状
6585	白带呈褐色
6586	白带带血
6587	子宫内膜脱落
6588	转肽酶偏高
6589	白带异味
6590	谷氨酰转肽酶偏高
6591	子宫前位
6592	子宫移位
6593	咳嗽痰多
6594	海马硬化症
6595	子宫粘连
6596	牙齿神经痛
6597	舌头溃疡
6598	产后腰痛
6599	水样白带
6600	颈心综合症
6601	舌裂
6602	夜间咳嗽
6603	颈椎反弓
6604	口渴
6605	老年性白斑
6606	胸口痛
6607	大便干燥
6608	胸背痛
6609	白带呈黄绿色
6610	新生儿眼屎多
6611	痰多
6612	白带发黄
6613	白带粘稠
6614	zhongshugaore
6615	中暑高热
6616	腿痛
6617	味觉异常
6618	白痰
6619	新生儿打嗝
6620	包皮痒
6621	胃阳虚
6622	唾液臭
6623	滑精
6624	唾液粘稠
6625	包皮上有水泡
6626	包皮上有小红点
6627	背心冷
6628	右腹痛
6629	小儿鼻塞
6630	左腹痛
6631	鼻粘膜出血
6632	鼻头长痘
6633	鼻翼长痘
6634	鼻翼发红
6635	脑发育缓慢
6636	鼻子里有臭味
6637	外阴起疙瘩
6638	鼻子糜烂
6639	鼻子上火
6640	鼻酸
6641	外阴干涩
6642	扁桃体上有白点
6643	精神紧张
6644	牙齿发黑
6645	勃起时间短
6646	外寒内热
6647	颈椎生理曲度变直
6648	面部皮肤过敏
6649	小便刺痛
6650	耳后长包
6651	撤退性出血
6652	脸部肌肉酸痛
6653	出脚汗
6654	打喷嚏时胸口疼
6655	体内湿热
6656	大便扁平
6657	牙龈肿痛
6658	面部脂肪粒
6659	卵泡黄素化
6660	头晕耳鸣
6661	卵巢积液
6662	二尖瓣返流
6663	大便憋不住
6664	大便成颗粒
6665	淋巴阻塞
6666	大便呈青黑色
6667	排卵期腹胀
6668	脓血便
6669	大便黑绿色
6670	大便黑色粘稠
6671	大便频繁
6672	肝结节
6673	尿等待
6674	后循环缺血
6675	低烧
6676	上焦火
6677	孕妇嘴角起泡
6678	视物模糊
6679	刷牙时恶心
6680	经常口渴
6681	视力下降
6682	脚脱皮
6683	浑身发冷
6684	手足长水泡
6685	房性心律
6686	颈动脉硬化
6687	经间期出血
6688	烫伤起泡
6689	右腿麻木
6690	总胆红素高
6691	右手臂酸痛
6692	手指关节骨性化
6693	右腿酸痛
6694	腘窝囊肿
6695	睡眠型癫痫发作
6696	头昏脑胀四肢无力
6697	头晕目眩
6698	女性腰痛
6699	主动脉硬化
6700	头痛头晕
6701	剧烈运动后头痛
6702	经期延长
6703	经前出血
6704	舌头出血
6705	阴囊起疙瘩
6706	睾丸一大一小
6707	包皮疼痛
6708	血虚脱发
6709	小儿便血
6710	宫颈充血
6711	头胀痛
6712	失眠头痛
6713	受凉头疼
6714	肝肾亏虚
6715	面部白斑
6716	角膜脱落
6717	尿滴白
6718	药源性癫痫发作
6719	输卵管迂曲
6720	口腔起泡
6721	小儿面部皮疹
6722	小儿嘴角溃疡
6723	牙龈长脓包
6724	小儿臀部瘙痒
6725	指甲分层
6726	白带呈鼻涕状
6727	白带黑色
6728	白带奶白色
6729	白带稀少
6730	回经
6731	肺泡破裂
6732	包皮红肿
6733	血管痉挛
6734	包皮开裂
6735	虚寒体质
6736	五心烦热
6737	胸前区疼痛
6738	胸腔疼痛
6739	包皮内有白色分泌物
6740	胸锁乳突肌肿大
6741	包皮上有小白点
6742	胸窝疼痛
6743	虚火牙痛
6744	虚火上炎
6745	包皮发白
6746	悬雍垂下垂
6747	心脑供血不足
6748	血管堵塞
6749	心血少
6750	乳晕发黑
6751	暴瘦
6752	心肌劳损
6753	造血功能障碍
6754	谷丙转氨酶偏高
6755	呛奶
6756	脚痒
6757	龟头潮红
6758	背胀
6759	胸部丘疹
6760	龟头出血
6761	指甲凹凸不平
6762	心肾阳虚
6763	龟头发黑
6764	淤青
6765	齿痕舌
6766	胸部瘙痒
6767	草莓舌
6768	月经骤停
6769	龟头红斑
6770	指甲与肉分离
6771	产前征兆
6772	龟头红肿
6773	下肢麻木
6774	指甲脱落
6775	龟头疼
6776	指甲里有黑线
6777	下体异味
6778	肿瘤钙化
6779	肌红蛋白偏高
6780	龟头异味
6781	口腔出血
6782	肘关节疼痛
6783	气血不通
6784	主动脉钙化
6785	气血不足
6786	气阴两虚
6787	肌肉神经痛
6788	黑痰
6789	主动脉弓迂曲
6790	小儿长牙发烧
6791	大便酸臭
6792	气滞湿阻
6793	甲状腺过氧化物酶抗体过高
6794	前列腺快感
6795	子宫直肠窝积液
6796	喉结痛
6797	纵膈淋巴结肿大
6798	面部长癣
6799	小儿发烧后身上起红点
6800	甲状腺激素偏高
6801	口眼歪斜
6802	嘴唇肿
6803	喉结下方有肿块
6804	碱性磷酸酶偏低
6805	牙齿裂纹
6806	脑动脉痉挛
6807	碘伏过敏
6808	后心疼
6809	小儿脸上有白斑
6810	静脉石
6811	肾寒
6812	脑缺血灶
6813	肾火旺
6814	排卵期头晕
6815	脑死亡
6816	肾结晶
6817	耳朵长痘
6818	肾上腺增生
6819	小儿睡眠不好
6820	颧骨斑
6821	乳头瘙痒
6822	肝肾阳虚
6823	剑突压痛
6824	肾盂扩张
6825	声带发炎
6826	脚后跟裂
6827	失声
6828	乳头脱皮
6829	肝肾阴虚
6830	湿气重
6831	结膜出血
6832	肛门出血
6833	食管壁增厚
6834	肝虚
6835	小腿乏力
6836	食指发麻
6837	肝弥漫性病变
6838	上颚疼
6839	肝郁脾虚
6840	手背长斑
6841	粒细胞增多
6842	黑色素沉淀
6843	手脚发热
6844	睾丸静脉曲张
6845	脸部汗毛明显
6846	手脚疼痛
6847	红痣
6848	睾丸下垂
6849	手脚痒
6850	手疼
6851	心血管堵塞
6852	手腕骨折
6853	脉络丛囊肿
6854	炎性肉芽肿
6855	淋巴滤泡增生
6856	肺部疼痛
6857	手指僵硬
6858	手指淤血
6859	淋巴结节
6860	阴道异味
6861	心脏主动脉瓣返流
6862	手足肿胀
6863	肺功能失常
6864	水土不服
6865	舌头起泡
6866	胎儿肾盂分离
6867	羊水浑浊
6868	瞳孔放大
6869	卵巢增大
6870	头部多汗
6871	透明隔腔增宽
6872	心脏左室舒张功能减退
6873	吐黄水
6874	眼睛上火
6875	胃壁增厚
6876	腿脚发麻
6877	阴茎勃起不硬
6878	上吐下泻
6879	血崩
6880	肾上腺皮质功能亢进
6881	髌阵挛
6882	癫痫小发作
6883	带状疱疹后遗神经痛
6884	包皮脱皮
6885	肺部有钙化点
6886	肺部小结节
6887	陈旧性骨折
6888	嘴唇干裂
6889	表情恐惧症
6890	耳朵脱皮
6891	贲门息肉
6892	癫痫持续发作
6893	包皮溃疡
6894	促甲状腺激素偏高
6895	白带拉丝
6896	促甲状腺激素偏低
6897	创伤性湿肺
6898	褐青斑
6899	白色胎记
6900	夏科氏三联征
6901	赤白带下
6902	肠鸣音亢进
6903	喉咙溃疡
6904	风寒咳嗽
6905	过敏性血管水肿
6906	龟头溃疡
6907	骨蒸潮热
6908	骨髓水肿
6909	骨软化症
6910	宫腔息肉
